연도,월,일정,전시요일,전시순서,온라인상품코드,상품명,브랜드명,정상가,최종혜택가,할인율,결제수량,결제금액(포인트포함),PV
2025,1,01/01,수,1,9100000024,무선 서큘레이터,AIRNEST,189000,94500,50,37,3583000,
2025,1,01/01,수,2,9100000009,레더 미니 숄더백,ATELIER BAG,329000,296100,10,12,3844000,
2025,1,01/01,수,3,9100000008,골프 남성 기능성 팬츠,GREEN FAIRWAY,209000,188100,10,28,4879000,
2025,1,01/01,수,4,9100000005,러닝 경량 자켓,MOTION LAB,149000,74500,50,49,3707000,
2025,1,01/01,수,5,9100000004,남성 테이퍼드 팬츠,NORDEN,159000,111300,30,32,4485000,
2025,1,01/03,금,1,9100000009,레더 미니 숄더백,ATELIER BAG,329000,279600,15,19,5552000,
2025,1,01/03,금,2,9100000005,러닝 경량 자켓,MOTION LAB,149000,104300,30,64,6091000,
2025,1,01/03,금,3,9100000007,골프 여성 카라 티셔츠,GREEN FAIRWAY,179000,89500,50,49,3777000,
2025,1,01/03,금,4,9100000011,수분 장벽 크림,PURELAB,68000,57800,15,108,5506000,
2025,1,01/03,금,5,9100000004,남성 테이퍼드 팬츠,NORDEN,159000,103400,35,44,4225000,
2025,1,01/03,금,6,9100000003,남성 클래식 셔츠,NORDEN,129000,116100,10,32,3347000,
2025,1,01/03,금,7,9100000013,글로우 쿠션 파운데이션,GLOWMATE,52000,44200,15,137,5279000,
2025,1,01/04,토,1,9100000021,드립 커피메이커,MORNING BREW,159000,127200,20,40,5662000,
2025,1,01/04,토,2,9100000012,진정 세럼,PURELAB,59000,32500,45,194,5261000,
2025,1,01/04,토,3,9100000006,스포츠 트레이닝 팬츠,MOTION LAB,99000,49500,50,48,2573000,
2025,1,01/04,토,4,9100000025,프리미엄 견과 선물세트,DAILY PANTRY,69000,62100,10,40,3086000,
2025,1,01/04,토,5,9100000023,미니 공기청정기,AIRNEST,299000,194400,35,23,5397000,
2025,1,01/04,토,6,9100000007,골프 여성 카라 티셔츠,GREEN FAIRWAY,179000,116400,35,32,3741000,
2025,1,01/04,토,7,9100000009,레더 미니 숄더백,ATELIER BAG,329000,181000,45,18,3825000,
2025,1,01/04,토,8,9100000003,남성 클래식 셔츠,NORDEN,129000,64500,50,49,2885000,
2025,1,01/05,일,1,9100000012,진정 세럼,PURELAB,59000,47200,20,139,5866000,
2025,1,01/05,일,2,9100000008,골프 남성 기능성 팬츠,GREEN FAIRWAY,209000,125400,40,41,5379000,
2025,1,01/05,일,3,9100000005,러닝 경량 자켓,MOTION LAB,149000,82000,45,60,4111000,
2025,1,01/05,일,4,9100000017,퍼퓸 바디워시,BOTANIC DAY,39000,35100,10,78,3218000,
2025,1,01/05,일,5,9100000016,퍼퓸 기프트 세트,SCENT ARCHIVE,198000,99000,50,74,6575000,
2025,1,01/05,일,6,9100000003,남성 클래식 셔츠,NORDEN,129000,83800,35,25,2148000,
2025,1,01/05,일,7,9100000002,여성 울 블렌드 가디건,LUMEN,219000,120500,45,25,2807000,
2025,1,01/05,일,8,9100000004,남성 테이퍼드 팬츠,NORDEN,159000,111300,30,42,4197000,
2025,1,01/06,월,1,9100000021,드립 커피메이커,MORNING BREW,159000,127200,20,31,4514000,
2025,1,01/06,월,2,9100000010,데일리 토트백,ATELIER BAG,259000,129500,50,47,5896000,
2025,1,01/06,월,3,9100000017,퍼퓸 바디워시,BOTANIC DAY,39000,21400,45,118,2148000,
2025,1,01/06,월,4,9100000020,세라믹 냄비 세트,HOME TABLE,249000,174300,30,21,4172000,
2025,1,01/06,월,5,9100000007,골프 여성 카라 티셔츠,GREEN FAIRWAY,179000,152200,15,18,2683000,
2025,1,01/07,화,1,9100000005,러닝 경량 자켓,MOTION LAB,149000,74500,50,70,5359000,
2025,1,01/07,화,2,9100000022,전기 토스터,MORNING BREW,119000,89200,25,63,5119000,
2025,1,01/07,화,3,9100000016,퍼퓸 기프트 세트,SCENT ARCHIVE,198000,148500,25,47,7304000,
2025,1,01/07,화,4,9100000018,너리싱 헤어 마스크,BOTANIC DAY,45000,29200,35,117,3392000,
2025,1,01/07,화,5,9100000006,스포츠 트레이닝 팬츠,MOTION LAB,99000,84200,15,21,2163000,
2025,1,01/07,화,6,9100000009,레더 미니 숄더백,ATELIER BAG,329000,296100,10,14,4687000,
2025,1,01/08,수,1,9100000023,미니 공기청정기,AIRNEST,299000,269100,10,23,7364000,
2025,1,01/08,수,2,9100000021,드립 커피메이커,MORNING BREW,159000,119200,25,36,4346000,
2025,1,01/08,수,3,9100000002,여성 울 블렌드 가디건,LUMEN,219000,109500,50,40,3731000,
2025,1,01/08,수,4,9100000008,골프 남성 기능성 팬츠,GREEN FAIRWAY,209000,115000,45,35,4111000,
2025,1,01/08,수,5,9100000003,남성 클래식 셔츠,NORDEN,129000,77400,40,27,2488000,
2025,1,01/09,목,1,9100000014,벨벳 립 틴트,GLOWMATE,32000,19200,40,298,5115000,
2025,1,01/09,목,2,9100000015,오드퍼퓸 50ML,SCENT ARCHIVE,168000,142800,15,31,5129000,
2025,1,01/09,목,3,9100000024,무선 서큘레이터,AIRNEST,189000,104000,45,32,3790000,
2025,1,01/09,목,4,9100000002,여성 울 블렌드 가디건,LUMEN,219000,120500,45,43,4387000,
2025,1,01/09,목,5,9100000022,전기 토스터,MORNING BREW,119000,65500,45,84,4788000,
2025,1,01/09,목,6,9100000021,드립 커피메이커,MORNING BREW,159000,135200,15,26,2922000,
2025,1,01/09,목,7,9100000004,남성 테이퍼드 팬츠,NORDEN,159000,143100,10,34,4173000,
2025,1,01/09,목,8,9100000023,미니 공기청정기,AIRNEST,299000,224200,25,17,3934000,
2025,1,01/10,금,1,9100000002,여성 울 블렌드 가디건,LUMEN,219000,131400,40,60,7202000,
2025,1,01/10,금,2,9100000006,스포츠 트레이닝 팬츠,MOTION LAB,99000,49500,50,79,3945000,
2025,1,01/10,금,3,9100000013,글로우 쿠션 파운데이션,GLOWMATE,52000,39000,25,138,4523000,
2025,1,01/10,금,4,9100000001,여성 캐시미어 블렌드 니트,LUMEN,189000,94500,50,31,3187000,
2025,1,01/10,금,5,9100000024,무선 서큘레이터,AIRNEST,189000,170100,10,27,4663000,
2025,1,01/10,금,6,9100000009,레더 미니 숄더백,ATELIER BAG,329000,164500,50,29,4033000,
2025,1,01/10,금,7,9100000015,오드퍼퓸 50ML,SCENT ARCHIVE,168000,142800,15,39,6789000,
2025,1,01/10,금,8,9100000010,데일리 토트백,ATELIER BAG,259000,220200,15,19,4746000,
2025,1,01/11,토,1,9100000019,프리미엄 프라이팬 세트,HOME TABLE,179000,89500,50,44,4376000,
2025,1,01/11,토,2,9100000020,세라믹 냄비 세트,HOME TABLE,249000,161800,35,30,5022000,
2025,1,01/11,토,3,9100000002,여성 울 블렌드 가디건,LUMEN,219000,153300,30,41,5407000,
2025,1,01/11,토,4,9100000025,프리미엄 견과 선물세트,DAILY PANTRY,69000,58600,15,45,2500000,
2025,1,01/11,토,5,9100000003,남성 클래식 셔츠,NORDEN,129000,109600,15,16,2040000,
2025,1,01/11,토,6,9100000014,벨벳 립 틴트,GLOWMATE,32000,22400,30,114,2706000,
2025,1,01/12,일,1,9100000012,진정 세럼,PURELAB,59000,29500,50,131,3429000,
2025,1,01/12,일,2,9100000010,데일리 토트백,ATELIER BAG,259000,181300,30,31,6600000,
2025,1,01/12,일,3,9100000006,스포츠 트레이닝 팬츠,MOTION LAB,99000,79200,20,37,2516000,
2025,1,01/12,일,4,9100000015,오드퍼퓸 50ML,SCENT ARCHIVE,168000,84000,50,45,4132000,
2025,1,01/12,일,5,9100000018,너리싱 헤어 마스크,BOTANIC DAY,45000,33800,25,95,3638000,
2025,1,01/12,일,6,9100000025,프리미엄 견과 선물세트,DAILY PANTRY,69000,48300,30,69,3725000,
2025,1,01/14,화,1,9100000009,레더 미니 숄더백,ATELIER BAG,329000,181000,45,33,6218000,
2025,1,01/14,화,2,9100000002,여성 울 블렌드 가디건,LUMEN,219000,197100,10,21,3436000,
2025,1,01/14,화,3,9100000001,여성 캐시미어 블렌드 니트,LUMEN,189000,151200,20,33,4444000,
2025,1,01/14,화,4,9100000011,수분 장벽 크림,PURELAB,68000,34000,50,92,3684000,
2025,1,01/14,화,5,9100000005,러닝 경량 자켓,MOTION LAB,149000,104300,30,40,3538000,
2025,1,01/14,화,6,9100000021,드립 커피메이커,MORNING BREW,159000,143100,10,31,4995000,
2025,1,01/14,화,7,9100000026,시그니처 디저트 세트,DAILY PANTRY,59000,44200,25,76,3578000,
2025,1,01/14,화,8,9100000006,스포츠 트레이닝 팬츠,MOTION LAB,99000,49500,50,63,3219000,
2025,1,01/15,수,1,9100000008,골프 남성 기능성 팬츠,GREEN FAIRWAY,209000,135800,35,50,7017000,
2025,1,01/15,수,2,9100000006,스포츠 트레이닝 팬츠,MOTION LAB,99000,74200,25,42,2807000,
2025,1,01/15,수,3,9100000025,프리미엄 견과 선물세트,DAILY PANTRY,69000,58600,15,50,3563000,
2025,1,01/15,수,4,9100000014,벨벳 립 틴트,GLOWMATE,32000,17600,45,193,3008000,
2025,1,01/15,수,5,9100000001,여성 캐시미어 블렌드 니트,LUMEN,189000,104000,45,42,3851000,
2025,1,01/15,수,6,9100000024,무선 서큘레이터,AIRNEST,189000,141800,25,26,3425000,
2025,1,01/16,목,1,9100000003,남성 클래식 셔츠,NORDEN,129000,64500,50,41,3253000,
2025,1,01/16,목,2,9100000025,프리미엄 견과 선물세트,DAILY PANTRY,69000,48300,30,91,3712000,
2025,1,01/16,목,3,9100000009,레더 미니 숄더백,ATELIER BAG,329000,230300,30,19,4165000,
2025,1,01/16,목,4,9100000012,진정 세럼,PURELAB,59000,38400,35,156,6473000,
2025,1,01/16,목,5,9100000021,드립 커피메이커,MORNING BREW,159000,79500,50,49,3381000,
2025,1,01/16,목,6,9100000017,퍼퓸 바디워시,BOTANIC DAY,39000,29200,25,99,2659000,
2025,1,01/16,목,7,9100000013,글로우 쿠션 파운데이션,GLOWMATE,52000,46800,10,98,4095000,
2025,1,01/17,금,1,9100000012,진정 세럼,PURELAB,59000,38400,35,164,7402000,
2025,1,01/17,금,2,9100000014,벨벳 립 틴트,GLOWMATE,32000,22400,30,215,4522000,
2025,1,01/17,금,3,9100000003,남성 클래식 셔츠,NORDEN,129000,83800,35,39,3578000,
2025,1,01/17,금,4,9100000022,전기 토스터,MORNING BREW,119000,95200,20,37,3272000,
2025,1,01/17,금,5,9100000011,수분 장벽 크림,PURELAB,68000,40800,40,182,6388000,
2025,1,01/17,금,6,9100000020,세라믹 냄비 세트,HOME TABLE,249000,174300,30,34,5290000,
2025,1,01/18,토,1,9100000014,벨벳 립 틴트,GLOWMATE,32000,17600,45,209,4153000,
2025,1,01/18,토,2,9100000019,프리미엄 프라이팬 세트,HOME TABLE,179000,98500,45,73,6079000,
2025,1,01/18,토,3,9100000020,세라믹 냄비 세트,HOME TABLE,249000,199200,20,29,6225000,
2025,1,01/18,토,4,9100000021,드립 커피메이커,MORNING BREW,159000,103400,35,42,3677000,
2025,1,01/18,토,5,9100000011,수분 장벽 크림,PURELAB,68000,51000,25,101,5806000,
2025,1,01/18,토,6,9100000015,오드퍼퓸 50ML,SCENT ARCHIVE,168000,126000,25,28,4301000,
2025,1,01/20,월,1,9100000015,오드퍼퓸 50ML,SCENT ARCHIVE,168000,100800,40,57,6395000,
2025,1,01/20,월,2,9100000014,벨벳 립 틴트,GLOWMATE,32000,28800,10,167,4207000,
2025,1,01/20,월,3,9100000021,드립 커피메이커,MORNING BREW,159000,135200,15,33,4994000,
2025,1,01/20,월,4,9100000019,프리미엄 프라이팬 세트,HOME TABLE,179000,89500,50,44,3855000,
2025,1,01/20,월,5,9100000007,골프 여성 카라 티셔츠,GREEN FAIRWAY,179000,152200,15,27,3665000,
2025,1,01/21,화,1,9100000025,프리미엄 견과 선물세트,DAILY PANTRY,69000,55200,20,92,5122000,
2025,1,01/21,화,2,9100000015,오드퍼퓸 50ML,SCENT ARCHIVE,168000,117600,30,74,7674000,
2025,1,01/21,화,3,9100000020,세라믹 냄비 세트,HOME TABLE,249000,174300,30,38,6556000,
2025,1,01/21,화,4,9100000017,퍼퓸 바디워시,BOTANIC DAY,39000,29200,25,76,2659000,
2025,1,01/21,화,5,9100000014,벨벳 립 틴트,GLOWMATE,32000,22400,30,119,2855000,
2025,1,01/21,화,6,9100000018,너리싱 헤어 마스크,BOTANIC DAY,45000,22500,50,82,2144000,
2025,1,01/21,화,7,9100000026,시그니처 디저트 세트,DAILY PANTRY,59000,35400,40,114,3742000,
2025,1,01/22,수,1,9100000011,수분 장벽 크림,PURELAB,68000,61200,10,126,6943000,
2025,1,01/22,수,2,9100000018,너리싱 헤어 마스크,BOTANIC DAY,45000,27000,40,168,3848000,
2025,1,01/22,수,3,9100000015,오드퍼퓸 50ML,SCENT ARCHIVE,168000,117600,30,76,7780000,
2025,1,01/22,수,4,9100000014,벨벳 립 틴트,GLOWMATE,32000,19200,40,218,3833000,
2025,1,01/22,수,5,9100000002,여성 울 블렌드 가디건,LUMEN,219000,164200,25,26,4743000,
2025,1,01/22,수,6,9100000007,골프 여성 카라 티셔츠,GREEN FAIRWAY,179000,98500,45,28,2996000,
2025,1,01/22,수,7,9100000023,미니 공기청정기,AIRNEST,299000,179400,40,38,6010000,
2025,1,01/22,수,8,9100000013,글로우 쿠션 파운데이션,GLOWMATE,52000,41600,20,134,5503000,
2025,1,01/24,금,1,9100000003,남성 클래식 셔츠,NORDEN,129000,103200,20,25,2724000,
2025,1,01/24,금,2,9100000021,드립 커피메이커,MORNING BREW,159000,119200,25,42,5416000,
2025,1,01/24,금,3,9100000014,벨벳 립 틴트,GLOWMATE,32000,19200,40,219,3564000,
2025,1,01/24,금,4,9100000005,러닝 경량 자켓,MOTION LAB,149000,89400,40,35,3739000,
2025,1,01/24,금,5,9100000015,오드퍼퓸 50ML,SCENT ARCHIVE,168000,151200,10,37,6816000,
2025,1,01/26,일,1,9100000025,프리미엄 견과 선물세트,DAILY PANTRY,69000,51800,25,107,5304000,
2025,1,01/26,일,2,9100000021,드립 커피메이커,MORNING BREW,159000,119200,25,32,3540000,
2025,1,01/26,일,3,9100000002,여성 울 블렌드 가디건,LUMEN,219000,164200,25,26,4703000,
2025,1,01/26,일,4,9100000001,여성 캐시미어 블렌드 니트,LUMEN,189000,122800,35,28,3293000,
2025,1,01/26,일,5,9100000008,골프 남성 기능성 팬츠,GREEN FAIRWAY,209000,177600,15,23,4816000,
2025,1,01/27,월,1,9100000010,데일리 토트백,ATELIER BAG,259000,194200,25,19,3481000,
2025,1,01/27,월,2,9100000019,프리미엄 프라이팬 세트,HOME TABLE,179000,134200,25,26,3165000,
2025,1,01/27,월,3,9100000022,전기 토스터,MORNING BREW,119000,101200,15,41,4059000,
2025,1,01/27,월,4,9100000013,글로우 쿠션 파운데이션,GLOWMATE,52000,46800,10,73,3513000,
2025,1,01/27,월,5,9100000023,미니 공기청정기,AIRNEST,299000,194400,35,20,3624000,
2025,1,01/28,화,1,9100000016,퍼퓸 기프트 세트,SCENT ARCHIVE,198000,158400,20,61,8095000,
2025,1,01/28,화,2,9100000004,남성 테이퍼드 팬츠,NORDEN,159000,111300,30,45,4256000,
2025,1,01/28,화,3,9100000014,벨벳 립 틴트,GLOWMATE,32000,17600,45,231,3600000,
2025,1,01/28,화,4,9100000012,진정 세럼,PURELAB,59000,41300,30,97,4475000,
2025,1,01/28,화,5,9100000021,드립 커피메이커,MORNING BREW,159000,135200,15,25,3405000,
2025,1,01/28,화,6,9100000015,오드퍼퓸 50ML,SCENT ARCHIVE,168000,92400,45,66,5750000,
2025,1,01/28,화,7,9100000005,러닝 경량 자켓,MOTION LAB,149000,96800,35,29,2458000,
2025,1,01/28,화,8,9100000024,무선 서큘레이터,AIRNEST,189000,151200,20,24,3797000,
2025,1,01/29,수,1,9100000020,세라믹 냄비 세트,HOME TABLE,249000,211600,15,21,4550000,
2025,1,01/29,수,2,9100000023,미니 공기청정기,AIRNEST,299000,149500,50,50,6926000,
2025,1,01/29,수,3,9100000009,레더 미니 숄더백,ATELIER BAG,329000,181000,45,25,5555000,
2025,1,01/29,수,4,9100000018,너리싱 헤어 마스크,BOTANIC DAY,45000,31500,30,103,3001000,
2025,1,01/29,수,5,9100000001,여성 캐시미어 블렌드 니트,LUMEN,189000,132300,30,35,4931000,
2025,1,01/29,수,6,9100000017,퍼퓸 바디워시,BOTANIC DAY,39000,19500,50,153,3067000,
2025,1,01/29,수,7,9100000007,골프 여성 카라 티셔츠,GREEN FAIRWAY,179000,89500,50,44,3604000,
2025,1,01/30,목,1,9100000008,골프 남성 기능성 팬츠,GREEN FAIRWAY,209000,167200,20,30,4515000,
2025,1,01/30,목,2,9100000004,남성 테이퍼드 팬츠,NORDEN,159000,111300,30,53,4974000,
2025,1,01/30,목,3,9100000024,무선 서큘레이터,AIRNEST,189000,94500,50,64,5109000,
2025,1,01/30,목,4,9100000007,골프 여성 카라 티셔츠,GREEN FAIRWAY,179000,134200,25,29,4156000,
2025,1,01/30,목,5,9100000011,수분 장벽 크림,PURELAB,68000,47600,30,78,3682000,
2025,1,01/30,목,6,9100000025,프리미엄 견과 선물세트,DAILY PANTRY,69000,48300,30,48,2820000,
2025,1,01/30,목,7,9100000018,너리싱 헤어 마스크,BOTANIC DAY,45000,31500,30,107,3975000,
2025,2,02/01,토,1,9100000019,프리미엄 프라이팬 세트,HOME TABLE,179000,143200,20,43,6854000,
2025,2,02/01,토,2,9100000010,데일리 토트백,ATELIER BAG,259000,142400,45,23,3937000,
2025,2,02/01,토,3,9100000016,퍼퓸 기프트 세트,SCENT ARCHIVE,198000,108900,45,47,4917000,
2025,2,02/01,토,4,9100000015,오드퍼퓸 50ML,SCENT ARCHIVE,168000,151200,10,32,4283000,
2025,2,02/01,토,5,9100000011,수분 장벽 크림,PURELAB,68000,47600,30,73,3886000,
2025,2,02/02,일,1,9100000020,세라믹 냄비 세트,HOME TABLE,249000,174300,30,51,7420000,
2025,2,02/02,일,2,9100000026,시그니처 디저트 세트,DAILY PANTRY,59000,41300,30,83,4157000,
2025,2,02/02,일,3,9100000025,프리미엄 견과 선물세트,DAILY PANTRY,69000,58600,15,72,4752000,
2025,2,02/02,일,4,9100000008,골프 남성 기능성 팬츠,GREEN FAIRWAY,209000,156800,25,20,3794000,
2025,2,02/02,일,5,9100000017,퍼퓸 바디워시,BOTANIC DAY,39000,29200,25,65,2293000,
2025,2,02/02,일,6,9100000013,글로우 쿠션 파운데이션,GLOWMATE,52000,46800,10,80,3502000,
2025,2,02/02,일,7,9100000015,오드퍼퓸 50ML,SCENT ARCHIVE,168000,92400,45,43,4441000,
2025,2,02/02,일,8,9100000024,무선 서큘레이터,AIRNEST,189000,132300,30,34,4530000,
2025,2,02/03,월,1,9100000026,시그니처 디저트 세트,DAILY PANTRY,59000,29500,50,89,3039000,
2025,2,02/03,월,2,9100000021,드립 커피메이커,MORNING BREW,159000,111300,30,45,6098000,
2025,2,02/03,월,3,9100000019,프리미엄 프라이팬 세트,HOME TABLE,179000,143200,20,37,5095000,
2025,2,02/03,월,4,9100000022,전기 토스터,MORNING BREW,119000,83300,30,42,3544000,
2025,2,02/03,월,5,9100000007,골프 여성 카라 티셔츠,GREEN FAIRWAY,179000,125300,30,46,4930000,
2025,2,02/03,월,6,9100000014,벨벳 립 틴트,GLOWMATE,32000,16000,50,188,3081000,
2025,2,02/03,월,7,9100000004,남성 테이퍼드 팬츠,NORDEN,159000,143100,10,27,3512000,
2025,2,02/04,화,1,9100000003,남성 클래식 셔츠,NORDEN,129000,90300,30,47,3873000,
2025,2,02/04,화,2,9100000008,골프 남성 기능성 팬츠,GREEN FAIRWAY,209000,167200,20,31,4897000,
2025,2,02/04,화,3,9100000022,전기 토스터,MORNING BREW,119000,83300,30,39,3116000,
2025,2,02/04,화,4,9100000019,프리미엄 프라이팬 세트,HOME TABLE,179000,98500,45,58,5796000,
2025,2,02/04,화,5,9100000001,여성 캐시미어 블렌드 니트,LUMEN,189000,113400,40,34,3617000,
2025,2,02/06,목,1,9100000010,데일리 토트백,ATELIER BAG,259000,181300,30,34,5220000,
2025,2,02/06,목,2,9100000022,전기 토스터,MORNING BREW,119000,71400,40,88,5550000,
2025,2,02/06,목,3,9100000013,글로우 쿠션 파운데이션,GLOWMATE,52000,46800,10,112,5167000,
2025,2,02/06,목,4,9100000018,너리싱 헤어 마스크,BOTANIC DAY,45000,27000,40,97,2592000,
2025,2,02/06,목,5,9100000002,여성 울 블렌드 가디건,LUMEN,219000,120500,45,51,5558000,
2025,2,02/06,목,6,9100000015,오드퍼퓸 50ML,SCENT ARCHIVE,168000,126000,25,33,4870000,
2025,2,02/06,목,7,9100000003,남성 클래식 셔츠,NORDEN,129000,90300,30,36,3046000,
2025,2,02/06,목,8,9100000011,수분 장벽 크림,PURELAB,68000,57800,15,55,3001000,
2025,2,02/09,일,1,9100000018,너리싱 헤어 마스크,BOTANIC DAY,45000,24800,45,216,5047000,
2025,2,02/09,일,2,9100000014,벨벳 립 틴트,GLOWMATE,32000,25600,20,155,3644000,
2025,2,02/09,일,3,9100000003,남성 클래식 셔츠,NORDEN,129000,64500,50,52,3459000,
2025,2,02/09,일,4,9100000008,골프 남성 기능성 팬츠,GREEN FAIRWAY,209000,115000,45,49,6243000,
2025,2,02/09,일,5,9100000004,남성 테이퍼드 팬츠,NORDEN,159000,79500,50,26,2372000,
2025,2,02/10,월,1,9100000003,남성 클래식 셔츠,NORDEN,129000,116100,10,21,2614000,
2025,2,02/10,월,2,9100000009,레더 미니 숄더백,ATELIER BAG,329000,181000,45,37,6854000,
2025,2,02/10,월,3,9100000014,벨벳 립 틴트,GLOWMATE,32000,17600,45,183,3157000,
2025,2,02/10,월,4,9100000011,수분 장벽 크림,PURELAB,68000,34000,50,148,4285000,
2025,2,02/10,월,5,9100000017,퍼퓸 바디워시,BOTANIC DAY,39000,29200,25,119,3889000,
2025,2,02/10,월,6,9100000025,프리미엄 견과 선물세트,DAILY PANTRY,69000,41400,40,77,2876000,
2025,2,02/11,화,1,9100000023,미니 공기청정기,AIRNEST,299000,239200,20,26,6069000,
2025,2,02/11,화,2,9100000013,글로우 쿠션 파운데이션,GLOWMATE,52000,44200,15,123,5582000,
2025,2,02/11,화,3,9100000025,프리미엄 견과 선물세트,DAILY PANTRY,69000,34500,50,117,5000000,
2025,2,02/11,화,4,9100000022,전기 토스터,MORNING BREW,119000,95200,20,38,3420000,
2025,2,02/11,화,5,9100000021,드립 커피메이커,MORNING BREW,159000,127200,20,27,3063000,
2025,2,02/11,화,6,9100000005,러닝 경량 자켓,MOTION LAB,149000,104300,30,35,3360000,
2025,2,02/11,화,7,9100000016,퍼퓸 기프트 세트,SCENT ARCHIVE,198000,168300,15,43,6352000,
2025,2,02/11,화,8,9100000002,여성 울 블렌드 가디건,LUMEN,219000,109500,50,31,3718000,
2025,2,02/15,토,1,9100000008,골프 남성 기능성 팬츠,GREEN FAIRWAY,209000,177600,15,24,4978000,
2025,2,02/15,토,2,9100000021,드립 커피메이커,MORNING BREW,159000,135200,15,37,4653000,
2025,2,02/15,토,3,9100000022,전기 토스터,MORNING BREW,119000,107100,10,27,2562000,
2025,2,02/15,토,4,9100000010,데일리 토트백,ATELIER BAG,259000,181300,30,25,4631000,
2025,2,02/15,토,5,9100000024,무선 서큘레이터,AIRNEST,189000,141800,25,33,4566000,
2025,2,02/17,월,1,9100000020,세라믹 냄비 세트,HOME TABLE,249000,199200,20,24,4460000,
2025,2,02/17,월,2,9100000013,글로우 쿠션 파운데이션,GLOWMATE,52000,28600,45,110,3915000,
2025,2,02/17,월,3,9100000022,전기 토스터,MORNING BREW,119000,65500,45,78,4794000,
2025,2,02/17,월,4,9100000008,골프 남성 기능성 팬츠,GREEN FAIRWAY,209000,167200,20,22,3121000,
2025,2,02/17,월,5,9100000016,퍼퓸 기프트 세트,SCENT ARCHIVE,198000,138600,30,46,6539000,
2025,2,02/18,화,1,9100000007,골프 여성 카라 티셔츠,GREEN FAIRWAY,179000,116400,35,58,5617000,
2025,2,02/18,화,2,9100000013,글로우 쿠션 파운데이션,GLOWMATE,52000,36400,30,105,3368000,
2025,2,02/18,화,3,9100000016,퍼퓸 기프트 세트,SCENT ARCHIVE,198000,118800,40,48,5506000,
2025,2,02/18,화,4,9100000004,남성 테이퍼드 팬츠,NORDEN,159000,143100,10,32,4107000,
2025,2,02/18,화,5,9100000008,골프 남성 기능성 팬츠,GREEN FAIRWAY,209000,146300,30,34,5619000,
2025,2,02/18,화,6,9100000025,프리미엄 견과 선물세트,DAILY PANTRY,69000,44800,35,60,3043000,
2025,2,02/18,화,7,9100000019,프리미엄 프라이팬 세트,HOME TABLE,179000,125300,30,40,4548000,
2025,2,02/19,수,1,9100000021,드립 커피메이커,MORNING BREW,159000,87400,45,41,3757000,
2025,2,02/19,수,2,9100000004,남성 테이퍼드 팬츠,NORDEN,159000,127200,20,20,2791000,
2025,2,02/19,수,3,9100000026,시그니처 디저트 세트,DAILY PANTRY,59000,35400,40,74,3084000,
2025,2,02/19,수,4,9100000024,무선 서큘레이터,AIRNEST,189000,94500,50,56,5600000,
2025,2,02/19,수,5,9100000002,여성 울 블렌드 가디건,LUMEN,219000,109500,50,62,5990000,
2025,2,02/19,수,6,9100000010,데일리 토트백,ATELIER BAG,259000,181300,30,39,6058000,
2025,2,02/21,금,1,9100000026,시그니처 디저트 세트,DAILY PANTRY,59000,29500,50,154,4063000,
2025,2,02/21,금,2,9100000004,남성 테이퍼드 팬츠,NORDEN,159000,143100,10,19,3283000,
2025,2,02/21,금,3,9100000015,오드퍼퓸 50ML,SCENT ARCHIVE,168000,109200,35,79,8054000,
2025,2,02/21,금,4,9100000003,남성 클래식 셔츠,NORDEN,129000,77400,40,67,4407000,
2025,2,02/21,금,5,9100000005,러닝 경량 자켓,MOTION LAB,149000,126600,15,34,4381000,
2025,2,02/21,금,6,9100000008,골프 남성 기능성 팬츠,GREEN FAIRWAY,209000,104500,50,42,4217000,
2025,2,02/21,금,7,9100000013,글로우 쿠션 파운데이션,GLOWMATE,52000,44200,15,103,4629000,
2025,2,02/23,일,1,9100000005,러닝 경량 자켓,MOTION LAB,149000,126600,15,26,3225000,
2025,2,02/23,일,2,9100000002,여성 울 블렌드 가디건,LUMEN,219000,131400,40,40,4979000,
2025,2,02/23,일,3,9100000010,데일리 토트백,ATELIER BAG,259000,129500,50,36,4234000,
2025,2,02/23,일,4,9100000016,퍼퓸 기프트 세트,SCENT ARCHIVE,198000,158400,20,51,7609000,
2025,2,02/23,일,5,9100000004,남성 테이퍼드 팬츠,NORDEN,159000,87400,45,49,3613000,
2025,2,02/24,월,1,9100000007,골프 여성 카라 티셔츠,GREEN FAIRWAY,179000,89500,50,71,6028000,
2025,2,02/24,월,2,9100000015,오드퍼퓸 50ML,SCENT ARCHIVE,168000,151200,10,29,5078000,
2025,2,02/24,월,3,9100000025,프리미엄 견과 선물세트,DAILY PANTRY,69000,58600,15,90,4657000,
2025,2,02/24,월,4,9100000008,골프 남성 기능성 팬츠,GREEN FAIRWAY,209000,177600,15,27,4577000,
2025,2,02/24,월,5,9100000012,진정 세럼,PURELAB,59000,53100,10,50,2821000,
2025,2,02/24,월,6,9100000004,남성 테이퍼드 팬츠,NORDEN,159000,127200,20,26,3705000,
2025,2,02/24,월,7,9100000022,전기 토스터,MORNING BREW,119000,59500,50,36,2439000,
2025,2,02/26,수,1,9100000026,시그니처 디저트 세트,DAILY PANTRY,59000,29500,50,100,3404000,
2025,2,02/26,수,2,9100000020,세라믹 냄비 세트,HOME TABLE,249000,224100,10,16,3911000,
2025,2,02/26,수,3,9100000001,여성 캐시미어 블렌드 니트,LUMEN,189000,141800,25,27,4807000,
2025,2,02/26,수,4,9100000009,레더 미니 숄더백,ATELIER BAG,329000,230300,30,19,3914000,
2025,2,02/26,수,5,9100000005,러닝 경량 자켓,MOTION LAB,149000,74500,50,31,2754000,
2025,2,02/26,수,6,9100000022,전기 토스터,MORNING BREW,119000,65500,45,67,4391000,
2025,2,02/27,목,1,9100000020,세라믹 냄비 세트,HOME TABLE,249000,137000,45,42,7071000,
2025,2,02/27,목,2,9100000002,여성 울 블렌드 가디건,LUMEN,219000,120500,45,57,7130000,
2025,2,02/27,목,3,9100000024,무선 서큘레이터,AIRNEST,189000,160600,15,33,4519000,
2025,2,02/27,목,4,9100000022,전기 토스터,MORNING BREW,119000,101200,15,43,4711000,
2025,2,02/27,목,5,9100000017,퍼퓸 바디워시,BOTANIC DAY,39000,31200,20,67,2305000,
2025,2,02/27,목,6,9100000010,데일리 토트백,ATELIER BAG,259000,129500,50,38,5149000,
2025,2,02/28,금,1,9100000015,오드퍼퓸 50ML,SCENT ARCHIVE,168000,126000,25,65,7073000,
2025,2,02/28,금,2,9100000017,퍼퓸 바디워시,BOTANIC DAY,39000,23400,40,149,3551000,
2025,2,02/28,금,3,9100000020,세라믹 냄비 세트,HOME TABLE,249000,149400,40,44,7135000,
2025,2,02/28,금,4,9100000014,벨벳 립 틴트,GLOWMATE,32000,20800,35,212,4654000,
2025,2,02/28,금,5,9100000004,남성 테이퍼드 팬츠,NORDEN,159000,127200,20,33,4288000,
2025,2,02/28,금,6,9100000022,전기 토스터,MORNING BREW,119000,101200,15,37,4423000,
2025,2,02/28,금,7,9100000018,너리싱 헤어 마스크,BOTANIC DAY,45000,38200,15,93,3741000,
2025,3,03/01,토,1,9100000019,프리미엄 프라이팬 세트,HOME TABLE,179000,107400,40,50,5077000,
2025,3,03/01,토,2,9100000018,너리싱 헤어 마스크,BOTANIC DAY,45000,27000,40,215,5334000,
2025,3,03/01,토,3,9100000011,수분 장벽 크림,PURELAB,68000,47600,30,133,6744000,
2025,3,03/01,토,4,9100000022,전기 토스터,MORNING BREW,119000,59500,50,58,3229000,
2025,3,03/01,토,5,9100000004,남성 테이퍼드 팬츠,NORDEN,159000,119200,25,37,4701000,
2025,3,03/02,일,1,9100000025,프리미엄 견과 선물세트,DAILY PANTRY,69000,41400,40,167,5824000,
2025,3,03/02,일,2,9100000009,레더 미니 숄더백,ATELIER BAG,329000,164500,50,27,3744000,
2025,3,03/02,일,3,9100000019,프리미엄 프라이팬 세트,HOME TABLE,179000,125300,30,24,3255000,
2025,3,03/02,일,4,9100000008,골프 남성 기능성 팬츠,GREEN FAIRWAY,209000,146300,30,43,6616000,
2025,3,03/02,일,5,9100000026,시그니처 디저트 세트,DAILY PANTRY,59000,47200,20,97,4477000,
2025,3,03/03,월,1,9100000024,무선 서큘레이터,AIRNEST,189000,113400,40,40,4891000,
2025,3,03/03,월,2,9100000021,드립 커피메이커,MORNING BREW,159000,103400,35,41,4583000,
2025,3,03/03,월,3,9100000001,여성 캐시미어 블렌드 니트,LUMEN,189000,160600,15,28,5149000,
2025,3,03/03,월,4,9100000003,남성 클래식 셔츠,NORDEN,129000,116100,10,25,3234000,
2025,3,03/03,월,5,9100000017,퍼퓸 바디워시,BOTANIC DAY,39000,23400,40,132,3152000,
2025,3,03/03,월,6,9100000007,골프 여성 카라 티셔츠,GREEN FAIRWAY,179000,125300,30,29,3572000,
2025,3,03/04,화,1,9100000010,데일리 토트백,ATELIER BAG,259000,181300,30,21,3957000,
2025,3,03/04,화,2,9100000022,전기 토스터,MORNING BREW,119000,107100,10,22,2536000,
2025,3,03/04,화,3,9100000019,프리미엄 프라이팬 세트,HOME TABLE,179000,134200,25,46,5568000,
2025,3,03/04,화,4,9100000016,퍼퓸 기프트 세트,SCENT ARCHIVE,198000,138600,30,35,6052000,
2025,3,03/04,화,5,9100000017,퍼퓸 바디워시,BOTANIC DAY,39000,23400,40,104,2566000,
2025,3,03/06,목,1,9100000003,남성 클래식 셔츠,NORDEN,129000,109600,15,44,4678000,
2025,3,03/06,목,2,9100000013,글로우 쿠션 파운데이션,GLOWMATE,52000,31200,40,203,6559000,
2025,3,03/06,목,3,9100000024,무선 서큘레이터,AIRNEST,189000,160600,15,33,4519000,
2025,3,03/06,목,4,9100000002,여성 울 블렌드 가디건,LUMEN,219000,175200,20,40,6661000,
2025,3,03/06,목,5,9100000014,벨벳 립 틴트,GLOWMATE,32000,20800,35,159,2899000,
2025,3,03/06,목,6,9100000001,여성 캐시미어 블렌드 니트,LUMEN,189000,141800,25,29,4281000,
2025,3,03/06,목,7,9100000015,오드퍼퓸 50ML,SCENT ARCHIVE,168000,142800,15,33,5134000,
2025,3,03/07,금,1,9100000025,프리미엄 견과 선물세트,DAILY PANTRY,69000,34500,50,131,4061000,
2025,3,03/07,금,2,9100000006,스포츠 트레이닝 팬츠,MOTION LAB,99000,64400,35,83,4756000,
2025,3,03/07,금,3,9100000003,남성 클래식 셔츠,NORDEN,129000,103200,20,26,3151000,
2025,3,03/07,금,4,9100000017,퍼퓸 바디워시,BOTANIC DAY,39000,29200,25,87,2961000,
2025,3,03/07,금,5,9100000021,드립 커피메이커,MORNING BREW,159000,135200,15,31,3791000,
2025,3,03/07,금,6,9100000004,남성 테이퍼드 팬츠,NORDEN,159000,87400,45,46,3920000,
2025,3,03/07,금,7,9100000023,미니 공기청정기,AIRNEST,299000,164400,45,47,6771000,
2025,3,03/08,토,1,9100000021,드립 커피메이커,MORNING BREW,159000,111300,30,70,7509000,
2025,3,03/08,토,2,9100000011,수분 장벽 크림,PURELAB,68000,44200,35,137,6572000,
2025,3,03/08,토,3,9100000005,러닝 경량 자켓,MOTION LAB,149000,82000,45,37,3171000,
2025,3,03/08,토,4,9100000015,오드퍼퓸 50ML,SCENT ARCHIVE,168000,117600,30,47,4852000,
2025,3,03/08,토,5,9100000003,남성 클래식 셔츠,NORDEN,129000,109600,15,31,3343000,
2025,3,03/08,토,6,9100000016,퍼퓸 기프트 세트,SCENT ARCHIVE,198000,108900,45,77,7055000,
2025,3,03/08,토,7,9100000023,미니 공기청정기,AIRNEST,299000,269100,10,20,4882000,
2025,3,03/09,일,1,9100000020,세라믹 냄비 세트,HOME TABLE,249000,161800,35,43,8433000,
2025,3,03/09,일,2,9100000016,퍼퓸 기프트 세트,SCENT ARCHIVE,198000,158400,20,32,4657000,
2025,3,03/09,일,3,9100000017,퍼퓸 바디워시,BOTANIC DAY,39000,21400,45,174,3576000,
2025,3,03/09,일,4,9100000005,러닝 경량 자켓,MOTION LAB,149000,96800,35,36,3862000,
2025,3,03/09,일,5,9100000002,여성 울 블렌드 가디건,LUMEN,219000,131400,40,47,5814000,
2025,3,03/09,일,6,9100000015,오드퍼퓸 50ML,SCENT ARCHIVE,168000,151200,10,43,6170000,
2025,3,03/09,일,7,9100000004,남성 테이퍼드 팬츠,NORDEN,159000,135200,15,20,2641000,
2025,3,03/10,월,1,9100000024,무선 서큘레이터,AIRNEST,189000,151200,20,40,6507000,
2025,3,03/10,월,2,9100000022,전기 토스터,MORNING BREW,119000,71400,40,46,3059000,
2025,3,03/10,월,3,9100000020,세라믹 냄비 세트,HOME TABLE,249000,211600,15,19,4272000,
2025,3,03/10,월,4,9100000005,러닝 경량 자켓,MOTION LAB,149000,96800,35,56,5061000,
2025,3,03/10,월,5,9100000011,수분 장벽 크림,PURELAB,68000,34000,50,108,3428000,
2025,3,03/10,월,6,9100000003,남성 클래식 셔츠,NORDEN,129000,64500,50,37,2551000,
2025,3,03/10,월,7,9100000019,프리미엄 프라이팬 세트,HOME TABLE,179000,143200,20,34,5138000,
2025,3,03/12,수,1,9100000005,러닝 경량 자켓,MOTION LAB,149000,74500,50,40,3215000,
2025,3,03/12,수,2,9100000003,남성 클래식 셔츠,NORDEN,129000,103200,20,33,3939000,
2025,3,03/12,수,3,9100000010,데일리 토트백,ATELIER BAG,259000,207200,20,35,6497000,
2025,3,03/12,수,4,9100000004,남성 테이퍼드 팬츠,NORDEN,159000,127200,20,29,4459000,
2025,3,03/12,수,5,9100000017,퍼퓸 바디워시,BOTANIC DAY,39000,25400,35,142,4028000,
2025,3,03/12,수,6,9100000018,너리싱 헤어 마스크,BOTANIC DAY,45000,24800,45,172,3871000,
2025,3,03/14,금,1,9100000010,데일리 토트백,ATELIER BAG,259000,142400,45,40,6281000,
2025,3,03/14,금,2,9100000016,퍼퓸 기프트 세트,SCENT ARCHIVE,198000,118800,40,67,8266000,
2025,3,03/14,금,3,9100000007,골프 여성 카라 티셔츠,GREEN FAIRWAY,179000,143200,20,54,6854000,
2025,3,03/14,금,4,9100000012,진정 세럼,PURELAB,59000,47200,20,129,7412000,
2025,3,03/14,금,5,9100000022,전기 토스터,MORNING BREW,119000,65500,45,86,5535000,
2025,3,03/14,금,6,9100000019,프리미엄 프라이팬 세트,HOME TABLE,179000,152200,15,34,5095000,
2025,3,03/15,토,1,9100000025,프리미엄 견과 선물세트,DAILY PANTRY,69000,55200,20,93,6144000,
2025,3,03/15,토,2,9100000006,스포츠 트레이닝 팬츠,MOTION LAB,99000,74200,25,69,4445000,
2025,3,03/15,토,3,9100000009,레더 미니 숄더백,ATELIER BAG,329000,296100,10,17,5280000,
2025,3,03/15,토,4,9100000015,오드퍼퓸 50ML,SCENT ARCHIVE,168000,109200,35,62,5620000,
2025,3,03/15,토,5,9100000017,퍼퓸 바디워시,BOTANIC DAY,39000,25400,35,108,2950000,
2025,3,03/16,일,1,9100000026,시그니처 디저트 세트,DAILY PANTRY,59000,32500,45,103,4174000,
2025,3,03/16,일,2,9100000005,러닝 경량 자켓,MOTION LAB,149000,126600,15,19,2650000,
2025,3,03/16,일,3,9100000025,프리미엄 견과 선물세트,DAILY PANTRY,69000,55200,20,85,4309000,
2025,3,03/16,일,4,9100000002,여성 울 블렌드 가디건,LUMEN,219000,109500,50,46,4537000,
2025,3,03/16,일,5,9100000010,데일리 토트백,ATELIER BAG,259000,194200,25,17,3912000,
2025,3,03/16,일,6,9100000016,퍼퓸 기프트 세트,SCENT ARCHIVE,198000,118800,40,59,6701000,
2025,3,03/16,일,7,9100000024,무선 서큘레이터,AIRNEST,189000,160600,15,20,2743000,
2025,3,03/17,월,1,9100000021,드립 커피메이커,MORNING BREW,159000,127200,20,28,4497000,
2025,3,03/17,월,2,9100000017,퍼퓸 바디워시,BOTANIC DAY,39000,25400,35,114,3006000,
2025,3,03/17,월,3,9100000019,프리미엄 프라이팬 세트,HOME TABLE,179000,152200,15,26,4224000,
2025,3,03/17,월,4,9100000008,골프 남성 기능성 팬츠,GREEN FAIRWAY,209000,104500,50,51,4738000,
2025,3,03/17,월,5,9100000023,미니 공기청정기,AIRNEST,299000,149500,50,34,5266000,
2025,3,03/18,화,1,9100000012,진정 세럼,PURELAB,59000,50200,15,140,6430000,
2025,3,03/18,화,2,9100000009,레더 미니 숄더백,ATELIER BAG,329000,213800,35,20,4626000,
2025,3,03/18,화,3,9100000024,무선 서큘레이터,AIRNEST,189000,122800,35,44,6187000,
2025,3,03/18,화,4,9100000001,여성 캐시미어 블렌드 니트,LUMEN,189000,104000,45,58,6060000,
2025,3,03/18,화,5,9100000026,시그니처 디저트 세트,DAILY PANTRY,59000,47200,20,77,4422000,
2025,3,03/18,화,6,9100000003,남성 클래식 셔츠,NORDEN,129000,71000,45,26,2107000,
2025,3,03/18,화,7,9100000022,전기 토스터,MORNING BREW,119000,89200,25,46,4449000,
2025,3,03/18,화,8,9100000008,골프 남성 기능성 팬츠,GREEN FAIRWAY,209000,146300,30,38,4651000,
2025,3,03/19,수,1,9100000002,여성 울 블렌드 가디건,LUMEN,219000,142400,35,42,5355000,
2025,3,03/19,수,2,9100000025,프리미엄 견과 선물세트,DAILY PANTRY,69000,41400,40,161,6073000,
2025,3,03/19,수,3,9100000021,드립 커피메이커,MORNING BREW,159000,95400,40,44,4813000,
2025,3,03/19,수,4,9100000007,골프 여성 카라 티셔츠,GREEN FAIRWAY,179000,98500,45,53,4632000,
2025,3,03/19,수,5,9100000010,데일리 토트백,ATELIER BAG,259000,181300,30,38,6240000,
2025,3,03/19,수,6,9100000012,진정 세럼,PURELAB,59000,50200,15,106,4425000,
2025,3,03/19,수,7,9100000026,시그니처 디저트 세트,DAILY PANTRY,59000,47200,20,73,3696000,
2025,3,03/20,목,1,9100000010,데일리 토트백,ATELIER BAG,259000,168400,35,40,6103000,
2025,3,03/20,목,2,9100000015,오드퍼퓸 50ML,SCENT ARCHIVE,168000,109200,35,73,8187000,
2025,3,03/20,목,3,9100000020,세라믹 냄비 세트,HOME TABLE,249000,224100,10,19,3942000,
2025,3,03/20,목,4,9100000023,미니 공기청정기,AIRNEST,299000,194400,35,37,6602000,
2025,3,03/20,목,5,9100000014,벨벳 립 틴트,GLOWMATE,32000,25600,20,170,5075000,
2025,3,03/20,목,6,9100000006,스포츠 트레이닝 팬츠,MOTION LAB,99000,54500,45,34,2221000,
2025,3,03/20,목,7,9100000025,프리미엄 견과 선물세트,DAILY PANTRY,69000,44800,35,101,3850000,
2025,3,03/21,금,1,9100000022,전기 토스터,MORNING BREW,119000,95200,20,52,5151000,
2025,3,03/21,금,2,9100000015,오드퍼퓸 50ML,SCENT ARCHIVE,168000,117600,30,47,6541000,
2025,3,03/21,금,3,9100000012,진정 세럼,PURELAB,59000,47200,20,123,6104000,
2025,3,03/21,금,4,9100000024,무선 서큘레이터,AIRNEST,189000,94500,50,44,3755000,
2025,3,03/21,금,5,9100000025,프리미엄 견과 선물세트,DAILY PANTRY,69000,38000,45,102,3699000,
2025,3,03/21,금,6,9100000003,남성 클래식 셔츠,NORDEN,129000,71000,45,34,2815000,
2025,3,03/22,토,1,9100000023,미니 공기청정기,AIRNEST,299000,254200,15,24,6603000,
2025,3,03/22,토,2,9100000015,오드퍼퓸 50ML,SCENT ARCHIVE,168000,117600,30,85,9265000,
2025,3,03/22,토,3,9100000003,남성 클래식 셔츠,NORDEN,129000,103200,20,42,4368000,
2025,3,03/22,토,4,9100000022,전기 토스터,MORNING BREW,119000,101200,15,57,5149000,
2025,3,03/22,토,5,9100000011,수분 장벽 크림,PURELAB,68000,51000,25,105,6630000,
2025,3,03/22,토,6,9100000012,진정 세럼,PURELAB,59000,29500,50,175,5238000,
2025,3,03/24,월,1,9100000003,남성 클래식 셔츠,NORDEN,129000,71000,45,58,3716000,
2025,3,03/24,월,2,9100000010,데일리 토트백,ATELIER BAG,259000,220200,15,14,3404000,
2025,3,03/24,월,3,9100000013,글로우 쿠션 파운데이션,GLOWMATE,52000,44200,15,102,4197000,
2025,3,03/24,월,4,9100000023,미니 공기청정기,AIRNEST,299000,194400,35,25,4252000,
2025,3,03/24,월,5,9100000024,무선 서큘레이터,AIRNEST,189000,94500,50,42,4539000,
2025,3,03/26,수,1,9100000004,남성 테이퍼드 팬츠,NORDEN,159000,127200,20,33,3846000,
2025,3,03/26,수,2,9100000017,퍼퓸 바디워시,BOTANIC DAY,39000,25400,35,210,5285000,
2025,3,03/26,수,3,9100000005,러닝 경량 자켓,MOTION LAB,149000,104300,30,51,5871000,
2025,3,03/26,수,4,9100000010,데일리 토트백,ATELIER BAG,259000,129500,50,34,4151000,
2025,3,03/26,수,5,9100000006,스포츠 트레이닝 팬츠,MOTION LAB,99000,49500,50,47,2210000,
2025,3,03/27,목,1,9100000006,스포츠 트레이닝 팬츠,MOTION LAB,99000,89100,10,40,4434000,
2025,3,03/27,목,2,9100000022,전기 토스터,MORNING BREW,119000,107100,10,57,5551000,
2025,3,03/27,목,3,9100000020,세라믹 냄비 세트,HOME TABLE,249000,174300,30,45,7100000,
2025,3,03/27,목,4,9100000024,무선 서큘레이터,AIRNEST,189000,113400,40,40,5615000,
2025,3,03/27,목,5,9100000011,수분 장벽 크림,PURELAB,68000,34000,50,162,4652000,
2025,3,03/27,목,6,9100000019,프리미엄 프라이팬 세트,HOME TABLE,179000,98500,45,44,3878000,
2025,3,03/28,금,1,9100000003,남성 클래식 셔츠,NORDEN,129000,96800,25,33,3756000,
2025,3,03/28,금,2,9100000023,미니 공기청정기,AIRNEST,299000,194400,35,51,8595000,
2025,3,03/28,금,3,9100000002,여성 울 블렌드 가디건,LUMEN,219000,131400,40,33,4564000,
2025,3,03/28,금,4,9100000006,스포츠 트레이닝 팬츠,MOTION LAB,99000,49500,50,46,2532000,
2025,3,03/28,금,5,9100000015,오드퍼퓸 50ML,SCENT ARCHIVE,168000,142800,15,33,5170000,
2025,3,03/28,금,6,9100000014,벨벳 립 틴트,GLOWMATE,32000,27200,15,107,2476000,
2025,3,03/28,금,7,9100000016,퍼퓸 기프트 세트,SCENT ARCHIVE,198000,118800,40,55,5684000,
2025,3,03/28,금,8,9100000022,전기 토스터,MORNING BREW,119000,95200,20,59,4775000,
2025,3,03/30,일,1,9100000016,퍼퓸 기프트 세트,SCENT ARCHIVE,198000,178200,10,26,4775000,
2025,3,03/30,일,2,9100000017,퍼퓸 바디워시,BOTANIC DAY,39000,21400,45,200,4842000,
2025,3,03/30,일,3,9100000015,오드퍼퓸 50ML,SCENT ARCHIVE,168000,109200,35,37,4481000,
2025,3,03/30,일,4,9100000026,시그니처 디저트 세트,DAILY PANTRY,59000,32500,45,80,3236000,
2025,3,03/30,일,5,9100000010,데일리 토트백,ATELIER BAG,259000,220200,15,21,3995000,
2025,3,03/30,일,6,9100000023,미니 공기청정기,AIRNEST,299000,194400,35,32,6476000,
2025,3,03/31,월,1,9100000012,진정 세럼,PURELAB,59000,32500,45,192,6838000,
2025,3,03/31,월,2,9100000018,너리싱 헤어 마스크,BOTANIC DAY,45000,38200,15,55,2524000,
2025,3,03/31,월,3,9100000010,데일리 토트백,ATELIER BAG,259000,168400,35,34,6138000,
2025,3,03/31,월,4,9100000003,남성 클래식 셔츠,NORDEN,129000,83800,35,41,3888000,
2025,3,03/31,월,5,9100000013,글로우 쿠션 파운데이션,GLOWMATE,52000,26000,50,124,3936000,
2025,3,03/31,월,6,9100000017,퍼퓸 바디워시,BOTANIC DAY,39000,35100,10,55,2068000,
2025,4,04/01,화,1,9100000005,러닝 경량 자켓,MOTION LAB,149000,89400,40,79,6433000,
2025,4,04/01,화,2,9100000020,세라믹 냄비 세트,HOME TABLE,249000,174300,30,37,6503000,
2025,4,04/01,화,3,9100000017,퍼퓸 바디워시,BOTANIC DAY,39000,19500,50,193,3467000,
2025,4,04/01,화,4,9100000026,시그니처 디저트 세트,DAILY PANTRY,59000,41300,30,77,3924000,
2025,4,04/01,화,5,9100000011,수분 장벽 크림,PURELAB,68000,44200,35,164,6098000,
2025,4,04/01,화,6,9100000025,프리미엄 견과 선물세트,DAILY PANTRY,69000,48300,30,110,4868000,
2025,4,04/01,화,7,9100000022,전기 토스터,MORNING BREW,119000,107100,10,29,3455000,
2025,4,04/01,화,8,9100000006,스포츠 트레이닝 팬츠,MOTION LAB,99000,74200,25,45,3209000,
2025,4,04/02,수,1,9100000005,러닝 경량 자켓,MOTION LAB,149000,82000,45,46,4376000,
2025,4,04/02,수,2,9100000022,전기 토스터,MORNING BREW,119000,89200,25,51,4126000,
2025,4,04/02,수,3,9100000008,골프 남성 기능성 팬츠,GREEN FAIRWAY,209000,115000,45,66,6988000,
2025,4,04/02,수,4,9100000002,여성 울 블렌드 가디건,LUMEN,219000,197100,10,29,5596000,
2025,4,04/02,수,5,9100000019,프리미엄 프라이팬 세트,HOME TABLE,179000,89500,50,46,3885000,
2025,4,04/02,수,6,9100000004,남성 테이퍼드 팬츠,NORDEN,159000,79500,50,47,3192000,
2025,4,04/02,수,7,9100000007,골프 여성 카라 티셔츠,GREEN FAIRWAY,179000,98500,45,56,5934000,
2025,4,04/02,수,8,9100000001,여성 캐시미어 블렌드 니트,LUMEN,189000,122800,35,45,4854000,
2025,4,04/03,목,1,9100000020,세라믹 냄비 세트,HOME TABLE,249000,186800,25,56,8701000,
2025,4,04/03,목,2,9100000016,퍼퓸 기프트 세트,SCENT ARCHIVE,198000,138600,30,72,9262000,
2025,4,04/03,목,3,9100000007,골프 여성 카라 티셔츠,GREEN FAIRWAY,179000,98500,45,46,4806000,
2025,4,04/03,목,4,9100000008,골프 남성 기능성 팬츠,GREEN FAIRWAY,209000,146300,30,34,4848000,
2025,4,04/03,목,5,9100000009,레더 미니 숄더백,ATELIER BAG,329000,164500,50,37,5093000,
2025,4,04/03,목,6,9100000018,너리싱 헤어 마스크,BOTANIC DAY,45000,29200,35,194,5057000,
2025,4,04/03,목,7,9100000010,데일리 토트백,ATELIER BAG,259000,181300,30,22,3415000,
2025,4,04/04,금,1,9100000021,드립 커피메이커,MORNING BREW,159000,79500,50,75,6933000,
2025,4,04/04,금,2,9100000009,레더 미니 숄더백,ATELIER BAG,329000,246800,25,24,5514000,
2025,4,04/04,금,3,9100000024,무선 서큘레이터,AIRNEST,189000,94500,50,41,4305000,
2025,4,04/04,금,4,9100000016,퍼퓸 기프트 세트,SCENT ARCHIVE,198000,168300,15,42,6453000,
2025,4,04/04,금,5,9100000007,골프 여성 카라 티셔츠,GREEN FAIRWAY,179000,152200,15,30,5399000,
2025,4,04/04,금,6,9100000022,전기 토스터,MORNING BREW,119000,59500,50,78,5359000,
2025,4,04/04,금,7,9100000018,너리싱 헤어 마스크,BOTANIC DAY,45000,24800,45,132,3724000,
2025,4,04/04,금,8,9100000025,프리미엄 견과 선물세트,DAILY PANTRY,69000,48300,30,84,3817000,
2025,4,04/06,일,1,9100000018,너리싱 헤어 마스크,BOTANIC DAY,45000,36000,20,117,5183000,
2025,4,04/06,일,2,9100000024,무선 서큘레이터,AIRNEST,189000,113400,40,47,6030000,
2025,4,04/06,일,3,9100000025,프리미엄 견과 선물세트,DAILY PANTRY,69000,48300,30,93,5567000,
2025,4,04/06,일,4,9100000002,여성 울 블렌드 가디건,LUMEN,219000,186200,15,30,5927000,
2025,4,04/06,일,5,9100000006,스포츠 트레이닝 팬츠,MOTION LAB,99000,54500,45,76,4092000,
2025,4,04/06,일,6,9100000014,벨벳 립 틴트,GLOWMATE,32000,17600,45,213,4387000,
2025,4,04/07,월,1,9100000007,골프 여성 카라 티셔츠,GREEN FAIRWAY,179000,143200,20,22,3400000,
2025,4,04/07,월,2,9100000004,남성 테이퍼드 팬츠,NORDEN,159000,111300,30,42,4208000,
2025,4,04/07,월,3,9100000011,수분 장벽 크림,PURELAB,68000,54400,20,112,5750000,
2025,4,04/07,월,4,9100000006,스포츠 트레이닝 팬츠,MOTION LAB,99000,59400,40,65,3818000,
2025,4,04/07,월,5,9100000015,오드퍼퓸 50ML,SCENT ARCHIVE,168000,142800,15,28,4823000,
2025,4,04/07,월,6,9100000021,드립 커피메이커,MORNING BREW,159000,127200,20,39,4245000,
2025,4,04/07,월,7,9100000009,레더 미니 숄더백,ATELIER BAG,329000,296100,10,11,3632000,
2025,4,04/10,목,1,9100000009,레더 미니 숄더백,ATELIER BAG,329000,296100,10,23,6996000,
2025,4,04/10,목,2,9100000021,드립 커피메이커,MORNING BREW,159000,127200,20,42,5309000,
2025,4,04/10,목,3,9100000012,진정 세럼,PURELAB,59000,41300,30,179,6991000,
2025,4,04/10,목,4,9100000023,미니 공기청정기,AIRNEST,299000,209300,30,25,5935000,
2025,4,04/10,목,5,9100000008,골프 남성 기능성 팬츠,GREEN FAIRWAY,209000,167200,20,30,5096000,
2025,4,04/12,토,1,9100000025,프리미엄 견과 선물세트,DAILY PANTRY,69000,38000,45,130,5231000,
2025,4,04/12,토,2,9100000018,너리싱 헤어 마스크,BOTANIC DAY,45000,38200,15,70,2641000,
2025,4,04/12,토,3,9100000022,전기 토스터,MORNING BREW,119000,59500,50,57,3325000,
2025,4,04/12,토,4,9100000007,골프 여성 카라 티셔츠,GREEN FAIRWAY,179000,143200,20,31,4452000,
2025,4,04/12,토,5,9100000008,골프 남성 기능성 팬츠,GREEN FAIRWAY,209000,177600,15,32,5283000,
2025,4,04/12,토,6,9100000020,세라믹 냄비 세트,HOME TABLE,249000,137000,45,29,3921000,
2025,4,04/12,토,7,9100000003,남성 클래식 셔츠,NORDEN,129000,116100,10,24,2810000,
2025,4,04/12,토,8,9100000017,퍼퓸 바디워시,BOTANIC DAY,39000,21400,45,163,3412000,
2025,4,04/13,일,1,9100000024,무선 서큘레이터,AIRNEST,189000,160600,15,19,3240000,
2025,4,04/13,일,2,9100000001,여성 캐시미어 블렌드 니트,LUMEN,189000,160600,15,23,4426000,
2025,4,04/13,일,3,9100000013,글로우 쿠션 파운데이션,GLOWMATE,52000,44200,15,133,5953000,
2025,4,04/13,일,4,9100000009,레더 미니 숄더백,ATELIER BAG,329000,230300,30,25,5291000,
2025,4,04/13,일,5,9100000025,프리미엄 견과 선물세트,DAILY PANTRY,69000,41400,40,101,3614000,
2025,4,04/13,일,6,9100000007,골프 여성 카라 티셔츠,GREEN FAIRWAY,179000,98500,45,66,5579000,
2025,4,04/13,일,7,9100000019,프리미엄 프라이팬 세트,HOME TABLE,179000,107400,40,32,2896000,
2025,4,04/15,화,1,9100000004,남성 테이퍼드 팬츠,NORDEN,159000,143100,10,38,4552000,
2025,4,04/15,화,2,9100000006,스포츠 트레이닝 팬츠,MOTION LAB,99000,54500,45,73,3917000,
2025,4,04/15,화,3,9100000018,너리싱 헤어 마스크,BOTANIC DAY,45000,22500,50,131,3298000,
2025,4,04/15,화,4,9100000013,글로우 쿠션 파운데이션,GLOWMATE,52000,28600,45,138,4335000,
2025,4,04/15,화,5,9100000017,퍼퓸 바디워시,BOTANIC DAY,39000,33200,15,64,2005000,
2025,4,04/15,화,6,9100000005,러닝 경량 자켓,MOTION LAB,149000,134100,10,18,2883000,
2025,4,04/15,화,7,9100000008,골프 남성 기능성 팬츠,GREEN FAIRWAY,209000,188100,10,22,3956000,
2025,4,04/17,목,1,9100000013,글로우 쿠션 파운데이션,GLOWMATE,52000,46800,10,104,4053000,
2025,4,04/17,목,2,9100000015,오드퍼퓸 50ML,SCENT ARCHIVE,168000,126000,25,76,8752000,
2025,4,04/17,목,3,9100000008,골프 남성 기능성 팬츠,GREEN FAIRWAY,209000,135800,35,51,6238000,
2025,4,04/17,목,4,9100000018,너리싱 헤어 마스크,BOTANIC DAY,45000,29200,35,132,3360000,
2025,4,04/17,목,5,9100000007,골프 여성 카라 티셔츠,GREEN FAIRWAY,179000,89500,50,40,3873000,
2025,4,04/18,금,1,9100000021,드립 커피메이커,MORNING BREW,159000,103400,35,90,8684000,
2025,4,04/18,금,2,9100000022,전기 토스터,MORNING BREW,119000,59500,50,66,4060000,
2025,4,04/18,금,3,9100000014,벨벳 립 틴트,GLOWMATE,32000,25600,20,128,3752000,
2025,4,04/18,금,4,9100000018,너리싱 헤어 마스크,BOTANIC DAY,45000,22500,50,197,3888000,
2025,4,04/18,금,5,9100000016,퍼퓸 기프트 세트,SCENT ARCHIVE,198000,138600,30,58,9444000,
2025,4,04/18,금,6,9100000002,여성 울 블렌드 가디건,LUMEN,219000,120500,45,61,7117000,
2025,4,04/20,일,1,9100000013,글로우 쿠션 파운데이션,GLOWMATE,52000,44200,15,162,6298000,
2025,4,04/20,일,2,9100000008,골프 남성 기능성 팬츠,GREEN FAIRWAY,209000,177600,15,31,4934000,
2025,4,04/20,일,3,9100000009,레더 미니 숄더백,ATELIER BAG,329000,296100,10,16,4301000,
2025,4,04/20,일,4,9100000007,골프 여성 카라 티셔츠,GREEN FAIRWAY,179000,161100,10,29,5392000,
2025,4,04/20,일,5,9100000011,수분 장벽 크림,PURELAB,68000,34000,50,102,3925000,
2025,4,04/20,일,6,9100000021,드립 커피메이커,MORNING BREW,159000,103400,35,45,4015000,
2025,4,04/21,월,1,9100000024,무선 서큘레이터,AIRNEST,189000,141800,25,30,4673000,
2025,4,04/21,월,2,9100000004,남성 테이퍼드 팬츠,NORDEN,159000,103400,35,44,4792000,
2025,4,04/21,월,3,9100000026,시그니처 디저트 세트,DAILY PANTRY,59000,29500,50,126,4040000,
2025,4,04/21,월,4,9100000016,퍼퓸 기프트 세트,SCENT ARCHIVE,198000,128700,35,52,6658000,
2025,4,04/21,월,5,9100000008,골프 남성 기능성 팬츠,GREEN FAIRWAY,209000,177600,15,31,5090000,
2025,4,04/21,월,6,9100000020,세라믹 냄비 세트,HOME TABLE,249000,161800,35,38,6521000,
2025,4,04/22,화,1,9100000024,무선 서큘레이터,AIRNEST,189000,113400,40,36,4628000,
2025,4,04/22,화,2,9100000005,러닝 경량 자켓,MOTION LAB,149000,111800,25,41,4043000,
2025,4,04/22,화,3,9100000001,여성 캐시미어 블렌드 니트,LUMEN,189000,104000,45,55,4879000,
2025,4,04/22,화,4,9100000009,레더 미니 숄더백,ATELIER BAG,329000,213800,35,25,4790000,
2025,4,04/22,화,5,9100000018,너리싱 헤어 마스크,BOTANIC DAY,45000,24800,45,151,3430000,
2025,4,04/22,화,6,9100000019,프리미엄 프라이팬 세트,HOME TABLE,179000,116400,35,32,3415000,
2025,4,04/23,수,1,9100000017,퍼퓸 바디워시,BOTANIC DAY,39000,35100,10,113,3481000,
2025,4,04/23,수,2,9100000002,여성 울 블렌드 가디건,LUMEN,219000,164200,25,21,3983000,
2025,4,04/23,수,3,9100000003,남성 클래식 셔츠,NORDEN,129000,96800,25,35,3568000,
2025,4,04/23,수,4,9100000022,전기 토스터,MORNING BREW,119000,65500,45,57,4666000,
2025,4,04/23,수,5,9100000025,프리미엄 견과 선물세트,DAILY PANTRY,69000,34500,50,97,4161000,
2025,4,04/24,목,1,9100000018,너리싱 헤어 마스크,BOTANIC DAY,45000,38200,15,140,5291000,
2025,4,04/24,목,2,9100000010,데일리 토트백,ATELIER BAG,259000,194200,25,23,4459000,
2025,4,04/24,목,3,9100000001,여성 캐시미어 블렌드 니트,LUMEN,189000,122800,35,35,4426000,
2025,4,04/24,목,4,9100000017,퍼퓸 바디워시,BOTANIC DAY,39000,25400,35,198,5123000,
2025,4,04/24,목,5,9100000022,전기 토스터,MORNING BREW,119000,89200,25,55,5472000,
2025,4,04/24,목,6,9100000014,벨벳 립 틴트,GLOWMATE,32000,27200,15,161,3822000,
2025,4,04/24,목,7,9100000006,스포츠 트레이닝 팬츠,MOTION LAB,99000,89100,10,22,2049000,
2025,4,04/25,금,1,9100000021,드립 커피메이커,MORNING BREW,159000,87400,45,97,8015000,
2025,4,04/25,금,2,9100000001,여성 캐시미어 블렌드 니트,LUMEN,189000,122800,35,56,6008000,
2025,4,04/25,금,3,9100000023,미니 공기청정기,AIRNEST,299000,254200,15,36,7937000,
2025,4,04/25,금,4,9100000006,스포츠 트레이닝 팬츠,MOTION LAB,99000,74200,25,44,2872000,
2025,4,04/25,금,5,9100000003,남성 클래식 셔츠,NORDEN,129000,71000,45,51,3086000,
2025,4,04/26,토,1,9100000018,너리싱 헤어 마스크,BOTANIC DAY,45000,33800,25,150,4613000,
2025,4,04/26,토,2,9100000019,프리미엄 프라이팬 세트,HOME TABLE,179000,107400,40,60,6974000,
2025,4,04/26,토,3,9100000022,전기 토스터,MORNING BREW,119000,89200,25,58,4526000,
2025,4,04/26,토,4,9100000002,여성 울 블렌드 가디건,LUMEN,219000,109500,50,47,4626000,
2025,4,04/26,토,5,9100000006,스포츠 트레이닝 팬츠,MOTION LAB,99000,79200,20,53,3900000,
2025,4,04/26,토,6,9100000011,수분 장벽 크림,PURELAB,68000,57800,15,102,4937000,
2025,4,04/26,토,7,9100000001,여성 캐시미어 블렌드 니트,LUMEN,189000,170100,10,15,2827000,
2025,4,04/27,일,1,9100000025,프리미엄 견과 선물세트,DAILY PANTRY,69000,44800,35,106,5000000,
2025,4,04/27,일,2,9100000011,수분 장벽 크림,PURELAB,68000,54400,20,125,6366000,
2025,4,04/27,일,3,9100000001,여성 캐시미어 블렌드 니트,LUMEN,189000,160600,15,28,4936000,
2025,4,04/27,일,4,9100000021,드립 커피메이커,MORNING BREW,159000,119200,25,38,5435000,
2025,4,04/27,일,5,9100000009,레더 미니 숄더백,ATELIER BAG,329000,263200,20,20,4705000,
2025,4,04/27,일,6,9100000015,오드퍼퓸 50ML,SCENT ARCHIVE,168000,134400,20,45,6486000,
2025,4,04/27,일,7,9100000016,퍼퓸 기프트 세트,SCENT ARCHIVE,198000,168300,15,27,3793000,
2025,4,04/27,일,8,9100000008,골프 남성 기능성 팬츠,GREEN FAIRWAY,209000,115000,45,31,3956000,
2025,4,04/28,월,1,9100000014,벨벳 립 틴트,GLOWMATE,32000,27200,15,86,2474000,
2025,4,04/28,월,2,9100000015,오드퍼퓸 50ML,SCENT ARCHIVE,168000,142800,15,48,6212000,
2025,4,04/28,월,3,9100000018,너리싱 헤어 마스크,BOTANIC DAY,45000,27000,40,86,2410000,
2025,4,04/28,월,4,9100000024,무선 서큘레이터,AIRNEST,189000,160600,15,30,4736000,
2025,4,04/28,월,5,9100000017,퍼퓸 바디워시,BOTANIC DAY,39000,29200,25,97,3251000,
2025,4,04/28,월,6,9100000026,시그니처 디저트 세트,DAILY PANTRY,59000,35400,40,68,2669000,
2025,4,04/29,화,1,9100000003,남성 클래식 셔츠,NORDEN,129000,71000,45,61,4559000,
2025,4,04/29,화,2,9100000006,스포츠 트레이닝 팬츠,MOTION LAB,99000,74200,25,53,3921000,
2025,4,04/29,화,3,9100000014,벨벳 립 틴트,GLOWMATE,32000,24000,25,132,3705000,
2025,4,04/29,화,4,9100000009,레더 미니 숄더백,ATELIER BAG,329000,296100,10,21,6626000,
2025,4,04/29,화,5,9100000024,무선 서큘레이터,AIRNEST,189000,113400,40,45,5535000,
2025,4,04/29,화,6,9100000010,데일리 토트백,ATELIER BAG,259000,168400,35,30,4523000,
2025,4,04/30,수,1,9100000010,데일리 토트백,ATELIER BAG,259000,168400,35,27,4724000,
2025,4,04/30,수,2,9100000011,수분 장벽 크림,PURELAB,68000,44200,35,134,5478000,
2025,4,04/30,수,3,9100000020,세라믹 냄비 세트,HOME TABLE,249000,137000,45,65,7983000,
2025,4,04/30,수,4,9100000023,미니 공기청정기,AIRNEST,299000,194400,35,33,5751000,
2025,4,04/30,수,5,9100000007,골프 여성 카라 티셔츠,GREEN FAIRWAY,179000,107400,40,49,4442000,
2025,4,04/30,수,6,9100000016,퍼퓸 기프트 세트,SCENT ARCHIVE,198000,148500,25,46,6781000,
2025,5,05/01,목,1,9100000024,무선 서큘레이터,AIRNEST,189000,132300,30,50,8065000,
2025,5,05/01,목,2,9100000015,오드퍼퓸 50ML,SCENT ARCHIVE,168000,100800,40,76,8927000,
2025,5,05/01,목,3,9100000023,미니 공기청정기,AIRNEST,299000,209300,30,31,6016000,
2025,5,05/01,목,4,9100000007,골프 여성 카라 티셔츠,GREEN FAIRWAY,179000,107400,40,53,6888000,
2025,5,05/01,목,5,9100000026,시그니처 디저트 세트,DAILY PANTRY,59000,32500,45,145,4657000,
2025,5,05/04,일,1,9100000026,시그니처 디저트 세트,DAILY PANTRY,59000,50200,15,55,3051000,
2025,5,05/04,일,2,9100000012,진정 세럼,PURELAB,59000,38400,35,129,4754000,
2025,5,05/04,일,3,9100000023,미니 공기청정기,AIRNEST,299000,179400,40,44,8504000,
2025,5,05/04,일,4,9100000018,너리싱 헤어 마스크,BOTANIC DAY,45000,27000,40,87,2812000,
2025,5,05/04,일,5,9100000020,세라믹 냄비 세트,HOME TABLE,249000,186800,25,30,5482000,
2025,5,05/05,월,1,9100000015,오드퍼퓸 50ML,SCENT ARCHIVE,168000,84000,50,75,5264000,
2025,5,05/05,월,2,9100000012,진정 세럼,PURELAB,59000,32500,45,127,4274000,
2025,5,05/05,월,3,9100000013,글로우 쿠션 파운데이션,GLOWMATE,52000,44200,15,91,3435000,
2025,5,05/05,월,4,9100000026,시그니처 디저트 세트,DAILY PANTRY,59000,47200,20,69,3499000,
2025,5,05/05,월,5,9100000022,전기 토스터,MORNING BREW,119000,89200,25,41,3922000,
2025,5,05/05,월,6,9100000019,프리미엄 프라이팬 세트,HOME TABLE,179000,152200,15,27,3849000,
2025,5,05/06,화,1,9100000002,여성 울 블렌드 가디건,LUMEN,219000,175200,20,50,8050000,
2025,5,05/06,화,2,9100000023,미니 공기청정기,AIRNEST,299000,149500,50,29,4951000,
2025,5,05/06,화,3,9100000004,남성 테이퍼드 팬츠,NORDEN,159000,79500,50,47,3799000,
2025,5,05/06,화,4,9100000001,여성 캐시미어 블렌드 니트,LUMEN,189000,113400,40,41,5342000,
2025,5,05/06,화,5,9100000011,수분 장벽 크림,PURELAB,68000,40800,40,142,5295000,
2025,5,05/06,화,6,9100000021,드립 커피메이커,MORNING BREW,159000,119200,25,38,4685000,
2025,5,05/06,화,7,9100000024,무선 서큘레이터,AIRNEST,189000,170100,10,25,4751000,
2025,5,05/09,금,1,9100000026,시그니처 디저트 세트,DAILY PANTRY,59000,44200,25,105,5146000,
2025,5,05/09,금,2,9100000018,너리싱 헤어 마스크,BOTANIC DAY,45000,24800,45,212,4981000,
2025,5,05/09,금,3,9100000006,스포츠 트레이닝 팬츠,MOTION LAB,99000,59400,40,78,4478000,
2025,5,05/09,금,4,9100000012,진정 세럼,PURELAB,59000,38400,35,154,6015000,
2025,5,05/09,금,5,9100000011,수분 장벽 크림,PURELAB,68000,54400,20,154,7742000,
2025,5,05/10,토,1,9100000022,전기 토스터,MORNING BREW,119000,83300,30,45,3954000,
2025,5,05/10,토,2,9100000005,러닝 경량 자켓,MOTION LAB,149000,119200,20,42,5147000,
2025,5,05/10,토,3,9100000011,수분 장벽 크림,PURELAB,68000,54400,20,121,6774000,
2025,5,05/10,토,4,9100000004,남성 테이퍼드 팬츠,NORDEN,159000,87400,45,59,4787000,
2025,5,05/10,토,5,9100000008,골프 남성 기능성 팬츠,GREEN FAIRWAY,209000,167200,20,34,5695000,
2025,5,05/11,일,1,9100000015,오드퍼퓸 50ML,SCENT ARCHIVE,168000,126000,25,84,8941000,
2025,5,05/11,일,2,9100000020,세라믹 냄비 세트,HOME TABLE,249000,124500,50,51,6568000,
2025,5,05/11,일,3,9100000002,여성 울 블렌드 가디건,LUMEN,219000,120500,45,51,5361000,
2025,5,05/11,일,4,9100000012,진정 세럼,PURELAB,59000,32500,45,136,4293000,
2025,5,05/11,일,5,9100000001,여성 캐시미어 블렌드 니트,LUMEN,189000,141800,25,25,3829000,
2025,5,05/11,일,6,9100000016,퍼퓸 기프트 세트,SCENT ARCHIVE,198000,99000,50,60,5307000,
2025,5,05/11,일,7,9100000005,러닝 경량 자켓,MOTION LAB,149000,82000,45,43,4157000,
2025,5,05/12,월,1,9100000018,너리싱 헤어 마스크,BOTANIC DAY,45000,38200,15,126,4525000,
2025,5,05/12,월,2,9100000025,프리미엄 견과 선물세트,DAILY PANTRY,69000,51800,25,91,3925000,
2025,5,05/12,월,3,9100000002,여성 울 블렌드 가디건,LUMEN,219000,120500,45,44,4652000,
2025,5,05/12,월,4,9100000015,오드퍼퓸 50ML,SCENT ARCHIVE,168000,142800,15,47,5577000,
2025,5,05/12,월,5,9100000026,시그니처 디저트 세트,DAILY PANTRY,59000,44200,25,74,2997000,
2025,5,05/12,월,6,9100000007,골프 여성 카라 티셔츠,GREEN FAIRWAY,179000,116400,35,54,6035000,
2025,5,05/12,월,7,9100000014,벨벳 립 틴트,GLOWMATE,32000,19200,40,121,2705000,
2025,5,05/13,화,1,9100000026,시그니처 디저트 세트,DAILY PANTRY,59000,29500,50,140,3462000,
2025,5,05/13,화,2,9100000002,여성 울 블렌드 가디건,LUMEN,219000,153300,30,31,5288000,
2025,5,05/13,화,3,9100000019,프리미엄 프라이팬 세트,HOME TABLE,179000,89500,50,79,6593000,
2025,5,05/13,화,4,9100000012,진정 세럼,PURELAB,59000,50200,15,84,3822000,
2025,5,05/13,화,5,9100000018,너리싱 헤어 마스크,BOTANIC DAY,45000,27000,40,218,4925000,
2025,5,05/13,화,6,9100000009,레더 미니 숄더백,ATELIER BAG,329000,263200,20,20,6264000,
2025,5,05/14,수,1,9100000008,골프 남성 기능성 팬츠,GREEN FAIRWAY,209000,146300,30,48,7334000,
2025,5,05/14,수,2,9100000025,프리미엄 견과 선물세트,DAILY PANTRY,69000,58600,15,100,5062000,
2025,5,05/14,수,3,9100000022,전기 토스터,MORNING BREW,119000,101200,15,43,3944000,
2025,5,05/14,수,4,9100000013,글로우 쿠션 파운데이션,GLOWMATE,52000,33800,35,162,5488000,
2025,5,05/14,수,5,9100000016,퍼퓸 기프트 세트,SCENT ARCHIVE,198000,178200,10,53,8249000,
2025,5,05/14,수,6,9100000005,러닝 경량 자켓,MOTION LAB,149000,126600,15,36,4644000,
2025,5,05/14,수,7,9100000019,프리미엄 프라이팬 세트,HOME TABLE,179000,116400,35,58,6082000,
2025,5,05/15,목,1,9100000007,골프 여성 카라 티셔츠,GREEN FAIRWAY,179000,143200,20,46,6627000,
2025,5,05/15,목,2,9100000016,퍼퓸 기프트 세트,SCENT ARCHIVE,198000,128700,35,96,11162000,
2025,5,05/15,목,3,9100000009,레더 미니 숄더백,ATELIER BAG,329000,296100,10,17,4447000,
2025,5,05/15,목,4,9100000011,수분 장벽 크림,PURELAB,68000,37400,45,135,4294000,
2025,5,05/15,목,5,9100000010,데일리 토트백,ATELIER BAG,259000,207200,20,20,5245000,
2025,5,05/15,목,6,9100000023,미니 공기청정기,AIRNEST,299000,179400,40,30,5068000,
2025,5,05/15,목,7,9100000018,너리싱 헤어 마스크,BOTANIC DAY,45000,36000,20,123,4811000,
2025,5,05/15,목,8,9100000019,프리미엄 프라이팬 세트,HOME TABLE,179000,125300,30,27,3551000,
2025,5,05/16,금,1,9100000002,여성 울 블렌드 가디건,LUMEN,219000,186200,15,32,7465000,
2025,5,05/16,금,2,9100000013,글로우 쿠션 파운데이션,GLOWMATE,52000,28600,45,165,4556000,
2025,5,05/16,금,3,9100000021,드립 커피메이커,MORNING BREW,159000,79500,50,68,6774000,
2025,5,05/16,금,4,9100000010,데일리 토트백,ATELIER BAG,259000,168400,35,55,7698000,
2025,5,05/16,금,5,9100000008,골프 남성 기능성 팬츠,GREEN FAIRWAY,209000,125400,40,54,6834000,
2025,5,05/16,금,6,9100000014,벨벳 립 틴트,GLOWMATE,32000,24000,25,176,3877000,
2025,5,05/17,토,1,9100000012,진정 세럼,PURELAB,59000,50200,15,102,6386000,
2025,5,05/17,토,2,9100000010,데일리 토트백,ATELIER BAG,259000,207200,20,30,5772000,
2025,5,05/17,토,3,9100000005,러닝 경량 자켓,MOTION LAB,149000,119200,20,56,6369000,
2025,5,05/17,토,4,9100000013,글로우 쿠션 파운데이션,GLOWMATE,52000,28600,45,205,7038000,
2025,5,05/17,토,5,9100000024,무선 서큘레이터,AIRNEST,189000,160600,15,19,3548000,
2025,5,05/17,토,6,9100000021,드립 커피메이커,MORNING BREW,159000,95400,40,49,4796000,
2025,5,05/17,토,7,9100000022,전기 토스터,MORNING BREW,119000,95200,20,37,3338000,
2025,5,05/18,일,1,9100000025,프리미엄 견과 선물세트,DAILY PANTRY,69000,34500,50,104,3742000,
2025,5,05/18,일,2,9100000023,미니 공기청정기,AIRNEST,299000,269100,10,30,7161000,
2025,5,05/18,일,3,9100000001,여성 캐시미어 블렌드 니트,LUMEN,189000,141800,25,29,4829000,
2025,5,05/18,일,4,9100000022,전기 토스터,MORNING BREW,119000,65500,45,59,4634000,
2025,5,05/18,일,5,9100000010,데일리 토트백,ATELIER BAG,259000,233100,10,31,6079000,
2025,5,05/18,일,6,9100000007,골프 여성 카라 티셔츠,GREEN FAIRWAY,179000,143200,20,34,4285000,
2025,5,05/18,일,7,9100000017,퍼퓸 바디워시,BOTANIC DAY,39000,23400,40,137,2986000,
2025,5,05/22,목,1,9100000001,여성 캐시미어 블렌드 니트,LUMEN,189000,113400,40,57,6109000,
2025,5,05/22,목,2,9100000009,레더 미니 숄더백,ATELIER BAG,329000,164500,50,47,8003000,
2025,5,05/22,목,3,9100000007,골프 여성 카라 티셔츠,GREEN FAIRWAY,179000,107400,40,40,4213000,
2025,5,05/22,목,4,9100000002,여성 울 블렌드 가디건,LUMEN,219000,175200,20,26,5015000,
2025,5,05/22,목,5,9100000026,시그니처 디저트 세트,DAILY PANTRY,59000,29500,50,217,5384000,
2025,5,05/23,금,1,9100000013,글로우 쿠션 파운데이션,GLOWMATE,52000,36400,30,239,7983000,
2025,5,05/23,금,2,9100000019,프리미엄 프라이팬 세트,HOME TABLE,179000,134200,25,26,4148000,
2025,5,05/23,금,3,9100000021,드립 커피메이커,MORNING BREW,159000,95400,40,51,4658000,
2025,5,05/23,금,4,9100000024,무선 서큘레이터,AIRNEST,189000,170100,10,29,4563000,
2025,5,05/23,금,5,9100000022,전기 토스터,MORNING BREW,119000,95200,20,38,3379000,
2025,5,05/23,금,6,9100000023,미니 공기청정기,AIRNEST,299000,269100,10,20,4603000,
2025,5,05/23,금,7,9100000003,남성 클래식 셔츠,NORDEN,129000,64500,50,62,3561000,
2025,5,05/24,토,1,9100000005,러닝 경량 자켓,MOTION LAB,149000,104300,30,50,5790000,
2025,5,05/24,토,2,9100000024,무선 서큘레이터,AIRNEST,189000,160600,15,33,5310000,
2025,5,05/24,토,3,9100000009,레더 미니 숄더백,ATELIER BAG,329000,296100,10,21,6061000,
2025,5,05/24,토,4,9100000004,남성 테이퍼드 팬츠,NORDEN,159000,103400,35,37,3416000,
2025,5,05/24,토,5,9100000001,여성 캐시미어 블렌드 니트,LUMEN,189000,160600,15,23,3667000,
2025,5,05/24,토,6,9100000011,수분 장벽 크림,PURELAB,68000,61200,10,88,6668000,
2025,5,05/24,토,7,9100000014,벨벳 립 틴트,GLOWMATE,32000,28800,10,115,3472000,
2025,5,05/25,일,1,9100000018,너리싱 헤어 마스크,BOTANIC DAY,45000,27000,40,119,3565000,
2025,5,05/25,일,2,9100000026,시그니처 디저트 세트,DAILY PANTRY,59000,38400,35,83,3828000,
2025,5,05/25,일,3,9100000023,미니 공기청정기,AIRNEST,299000,194400,35,27,4832000,
2025,5,05/25,일,4,9100000024,무선 서큘레이터,AIRNEST,189000,170100,10,23,3500000,
2025,5,05/25,일,5,9100000021,드립 커피메이커,MORNING BREW,159000,143100,10,35,5975000,
2025,5,05/26,월,1,9100000025,프리미엄 견과 선물세트,DAILY PANTRY,69000,44800,35,92,4030000,
2025,5,05/26,월,2,9100000010,데일리 토트백,ATELIER BAG,259000,181300,30,33,6658000,
2025,5,05/26,월,3,9100000011,수분 장벽 크림,PURELAB,68000,44200,35,146,6483000,
2025,5,05/26,월,4,9100000003,남성 클래식 셔츠,NORDEN,129000,96800,25,41,3919000,
2025,5,05/26,월,5,9100000018,너리싱 헤어 마스크,BOTANIC DAY,45000,33800,25,93,2683000,
2025,5,05/26,월,6,9100000015,오드퍼퓸 50ML,SCENT ARCHIVE,168000,151200,10,27,4412000,
2025,5,05/26,월,7,9100000001,여성 캐시미어 블렌드 니트,LUMEN,189000,170100,10,24,5006000,
2025,5,05/27,화,1,9100000004,남성 테이퍼드 팬츠,NORDEN,159000,127200,20,34,5180000,
2025,5,05/27,화,2,9100000007,골프 여성 카라 티셔츠,GREEN FAIRWAY,179000,134200,25,53,7031000,
2025,5,05/27,화,3,9100000017,퍼퓸 바디워시,BOTANIC DAY,39000,25400,35,167,3869000,
2025,5,05/27,화,4,9100000008,골프 남성 기능성 팬츠,GREEN FAIRWAY,209000,177600,15,29,4940000,
2025,5,05/27,화,5,9100000014,벨벳 립 틴트,GLOWMATE,32000,19200,40,147,2754000,
2025,5,05/27,화,6,9100000016,퍼퓸 기프트 세트,SCENT ARCHIVE,198000,118800,40,54,7498000,
2025,5,05/27,화,7,9100000002,여성 울 블렌드 가디건,LUMEN,219000,153300,30,26,4320000,
2025,5,05/31,토,1,9100000008,골프 남성 기능성 팬츠,GREEN FAIRWAY,209000,177600,15,25,4588000,
2025,5,05/31,토,2,9100000003,남성 클래식 셔츠,NORDEN,129000,77400,40,37,3068000,
2025,5,05/31,토,3,9100000007,골프 여성 카라 티셔츠,GREEN FAIRWAY,179000,134200,25,40,5488000,
2025,5,05/31,토,4,9100000005,러닝 경량 자켓,MOTION LAB,149000,126600,15,28,3121000,
2025,5,05/31,토,5,9100000019,프리미엄 프라이팬 세트,HOME TABLE,179000,125300,30,56,6516000,
2025,5,05/31,토,6,9100000004,남성 테이퍼드 팬츠,NORDEN,159000,143100,10,23,2928000,
2025,5,05/31,토,7,9100000023,미니 공기청정기,AIRNEST,299000,239200,20,16,4223000,
2025,6,06/01,일,1,9100000022,전기 토스터,MORNING BREW,119000,71400,40,86,5999000,
2025,6,06/01,일,2,9100000010,데일리 토트백,ATELIER BAG,259000,129500,50,34,4414000,
2025,6,06/01,일,3,9100000009,레더 미니 숄더백,ATELIER BAG,329000,263200,20,14,4411000,
2025,6,06/01,일,4,9100000006,스포츠 트레이닝 팬츠,MOTION LAB,99000,74200,25,38,2470000,
2025,6,06/01,일,5,9100000001,여성 캐시미어 블렌드 니트,LUMEN,189000,122800,35,51,5355000,
2025,6,06/02,월,1,9100000003,남성 클래식 셔츠,NORDEN,129000,109600,15,47,4545000,
2025,6,06/02,월,2,9100000001,여성 캐시미어 블렌드 니트,LUMEN,189000,122800,35,37,3831000,
2025,6,06/02,월,3,9100000026,시그니처 디저트 세트,DAILY PANTRY,59000,53100,10,56,2884000,
2025,6,06/02,월,4,9100000007,골프 여성 카라 티셔츠,GREEN FAIRWAY,179000,107400,40,45,5019000,
2025,6,06/02,월,5,9100000021,드립 커피메이커,MORNING BREW,159000,95400,40,35,3811000,
2025,6,06/02,월,6,9100000015,오드퍼퓸 50ML,SCENT ARCHIVE,168000,134400,20,36,4948000,
2025,6,06/02,월,7,9100000005,러닝 경량 자켓,MOTION LAB,149000,119200,20,23,2579000,
2025,6,06/03,화,1,9100000016,퍼퓸 기프트 세트,SCENT ARCHIVE,198000,118800,40,45,6133000,
2025,6,06/03,화,2,9100000014,벨벳 립 틴트,GLOWMATE,32000,16000,50,256,3426000,
2025,6,06/03,화,3,9100000018,너리싱 헤어 마스크,BOTANIC DAY,45000,22500,50,249,4694000,
2025,6,06/03,화,4,9100000026,시그니처 디저트 세트,DAILY PANTRY,59000,38400,35,123,4253000,
2025,6,06/03,화,5,9100000002,여성 울 블렌드 가디건,LUMEN,219000,142400,35,50,7123000,
2025,6,06/03,화,6,9100000003,남성 클래식 셔츠,NORDEN,129000,77400,40,30,2825000,
2025,6,06/03,화,7,9100000009,레더 미니 숄더백,ATELIER BAG,329000,246800,25,16,3565000,
2025,6,06/04,수,1,9100000017,퍼퓸 바디워시,BOTANIC DAY,39000,27300,30,192,4692000,
2025,6,06/04,수,2,9100000012,진정 세럼,PURELAB,59000,53100,10,153,6891000,
2025,6,06/04,수,3,9100000019,프리미엄 프라이팬 세트,HOME TABLE,179000,107400,40,52,4919000,
2025,6,06/04,수,4,9100000008,골프 남성 기능성 팬츠,GREEN FAIRWAY,209000,167200,20,27,4330000,
2025,6,06/04,수,5,9100000006,스포츠 트레이닝 팬츠,MOTION LAB,99000,64400,35,59,4682000,
2025,6,06/04,수,6,9100000004,남성 테이퍼드 팬츠,NORDEN,159000,103400,35,53,5392000,
2025,6,06/04,수,7,9100000023,미니 공기청정기,AIRNEST,299000,224200,25,36,7170000,
2025,6,06/04,수,8,9100000020,세라믹 냄비 세트,HOME TABLE,249000,137000,45,36,5677000,
2025,6,06/05,목,1,9100000008,골프 남성 기능성 팬츠,GREEN FAIRWAY,209000,188100,10,30,5391000,
2025,6,06/05,목,2,9100000020,세라믹 냄비 세트,HOME TABLE,249000,199200,20,26,6048000,
2025,6,06/05,목,3,9100000001,여성 캐시미어 블렌드 니트,LUMEN,189000,122800,35,28,3950000,
2025,6,06/05,목,4,9100000017,퍼퓸 바디워시,BOTANIC DAY,39000,31200,20,172,4721000,
2025,6,06/05,목,5,9100000016,퍼퓸 기프트 세트,SCENT ARCHIVE,198000,128700,35,76,10306000,
2025,6,06/07,토,1,9100000011,수분 장벽 크림,PURELAB,68000,40800,40,253,8726000,
2025,6,06/07,토,2,9100000010,데일리 토트백,ATELIER BAG,259000,168400,35,35,4917000,
2025,6,06/07,토,3,9100000005,러닝 경량 자켓,MOTION LAB,149000,96800,35,45,4196000,
2025,6,06/07,토,4,9100000006,스포츠 트레이닝 팬츠,MOTION LAB,99000,79200,20,46,3333000,
2025,6,06/07,토,5,9100000024,무선 서큘레이터,AIRNEST,189000,132300,30,33,4012000,
2025,6,06/10,화,1,9100000006,스포츠 트레이닝 팬츠,MOTION LAB,99000,84200,15,47,4665000,
2025,6,06/10,화,2,9100000020,세라믹 냄비 세트,HOME TABLE,249000,211600,15,27,4703000,
2025,6,06/10,화,3,9100000011,수분 장벽 크림,PURELAB,68000,54400,20,143,6581000,
2025,6,06/10,화,4,9100000026,시그니처 디저트 세트,DAILY PANTRY,59000,38400,35,98,4153000,
2025,6,06/10,화,5,9100000008,골프 남성 기능성 팬츠,GREEN FAIRWAY,209000,156800,25,35,5811000,
2025,6,06/13,금,1,9100000024,무선 서큘레이터,AIRNEST,189000,113400,40,42,4807000,
2025,6,06/13,금,2,9100000014,벨벳 립 틴트,GLOWMATE,32000,24000,25,129,3735000,
2025,6,06/13,금,3,9100000006,스포츠 트레이닝 팬츠,MOTION LAB,99000,89100,10,33,3195000,
2025,6,06/13,금,4,9100000025,프리미엄 견과 선물세트,DAILY PANTRY,69000,58600,15,49,3276000,
2025,6,06/13,금,5,9100000016,퍼퓸 기프트 세트,SCENT ARCHIVE,198000,118800,40,42,6053000,
2025,6,06/13,금,6,9100000013,글로우 쿠션 파운데이션,GLOWMATE,52000,44200,15,120,4447000,
2025,6,06/13,금,7,9100000012,진정 세럼,PURELAB,59000,32500,45,201,6732000,
2025,6,06/13,금,8,9100000018,너리싱 헤어 마스크,BOTANIC DAY,45000,36000,20,113,4178000,
2025,6,06/14,토,1,9100000007,골프 여성 카라 티셔츠,GREEN FAIRWAY,179000,125300,30,38,5639000,
2025,6,06/14,토,2,9100000026,시그니처 디저트 세트,DAILY PANTRY,59000,35400,40,163,5094000,
2025,6,06/14,토,3,9100000014,벨벳 립 틴트,GLOWMATE,32000,25600,20,95,3040000,
2025,6,06/14,토,4,9100000023,미니 공기청정기,AIRNEST,299000,254200,15,22,5187000,
2025,6,06/14,토,5,9100000018,너리싱 헤어 마스크,BOTANIC DAY,45000,24800,45,105,3223000,
2025,6,06/14,토,6,9100000022,전기 토스터,MORNING BREW,119000,95200,20,57,4590000,
2025,6,06/14,토,7,9100000009,레더 미니 숄더백,ATELIER BAG,329000,181000,45,37,7269000,
2025,6,06/15,일,1,9100000022,전기 토스터,MORNING BREW,119000,71400,40,60,4367000,
2025,6,06/15,일,2,9100000009,레더 미니 숄더백,ATELIER BAG,329000,230300,30,25,6305000,
2025,6,06/15,일,3,9100000003,남성 클래식 셔츠,NORDEN,129000,90300,30,38,3952000,
2025,6,06/15,일,4,9100000021,드립 커피메이커,MORNING BREW,159000,135200,15,23,3350000,
2025,6,06/15,일,5,9100000018,너리싱 헤어 마스크,BOTANIC DAY,45000,22500,50,162,3312000,
2025,6,06/15,일,6,9100000013,글로우 쿠션 파운데이션,GLOWMATE,52000,39000,25,141,4829000,
2025,6,06/15,일,7,9100000006,스포츠 트레이닝 팬츠,MOTION LAB,99000,49500,50,56,2753000,
2025,6,06/15,일,8,9100000012,진정 세럼,PURELAB,59000,32500,45,143,5189000,
2025,6,06/16,월,1,9100000023,미니 공기청정기,AIRNEST,299000,254200,15,31,8108000,
2025,6,06/16,월,2,9100000002,여성 울 블렌드 가디건,LUMEN,219000,175200,20,48,7488000,
2025,6,06/16,월,3,9100000017,퍼퓸 바디워시,BOTANIC DAY,39000,31200,20,65,2458000,
2025,6,06/16,월,4,9100000019,프리미엄 프라이팬 세트,HOME TABLE,179000,107400,40,40,3805000,
2025,6,06/16,월,5,9100000024,무선 서큘레이터,AIRNEST,189000,151200,20,34,5671000,
2025,6,06/16,월,6,9100000026,시그니처 디저트 세트,DAILY PANTRY,59000,50200,15,49,2394000,
2025,6,06/16,월,7,9100000020,세라믹 냄비 세트,HOME TABLE,249000,124500,50,31,4267000,
2025,6,06/16,월,8,9100000005,러닝 경량 자켓,MOTION LAB,149000,82000,45,49,4972000,
2025,6,06/18,수,1,9100000004,남성 테이퍼드 팬츠,NORDEN,159000,135200,15,28,4573000,
2025,6,06/18,수,2,9100000014,벨벳 립 틴트,GLOWMATE,32000,22400,30,307,5977000,
2025,6,06/18,수,3,9100000005,러닝 경량 자켓,MOTION LAB,149000,89400,40,49,4147000,
2025,6,06/18,수,4,9100000024,무선 서큘레이터,AIRNEST,189000,104000,45,32,3646000,
2025,6,06/18,수,5,9100000019,프리미엄 프라이팬 세트,HOME TABLE,179000,143200,20,40,5329000,
2025,6,06/18,수,6,9100000022,전기 토스터,MORNING BREW,119000,71400,40,46,2860000,
2025,6,06/18,수,7,9100000021,드립 커피메이커,MORNING BREW,159000,103400,35,47,5922000,
2025,6,06/18,수,8,9100000026,시그니처 디저트 세트,DAILY PANTRY,59000,32500,45,180,5039000,
2025,6,06/19,목,1,9100000010,데일리 토트백,ATELIER BAG,259000,207200,20,30,5570000,
2025,6,06/19,목,2,9100000009,레더 미니 숄더백,ATELIER BAG,329000,213800,35,28,6153000,
2025,6,06/19,목,3,9100000016,퍼퓸 기프트 세트,SCENT ARCHIVE,198000,168300,15,30,5758000,
2025,6,06/19,목,4,9100000023,미니 공기청정기,AIRNEST,299000,179400,40,49,8034000,
2025,6,06/19,목,5,9100000022,전기 토스터,MORNING BREW,119000,77400,35,74,5696000,
2025,6,06/19,목,6,9100000004,남성 테이퍼드 팬츠,NORDEN,159000,127200,20,24,2808000,
2025,6,06/19,목,7,9100000008,골프 남성 기능성 팬츠,GREEN FAIRWAY,209000,125400,40,37,4020000,
2025,6,06/21,토,1,9100000007,골프 여성 카라 티셔츠,GREEN FAIRWAY,179000,116400,35,59,7512000,
2025,6,06/21,토,2,9100000002,여성 울 블렌드 가디건,LUMEN,219000,120500,45,57,6490000,
2025,6,06/21,토,3,9100000008,골프 남성 기능성 팬츠,GREEN FAIRWAY,209000,177600,15,31,6175000,
2025,6,06/21,토,4,9100000025,프리미엄 견과 선물세트,DAILY PANTRY,69000,38000,45,119,5193000,
2025,6,06/21,토,5,9100000015,오드퍼퓸 50ML,SCENT ARCHIVE,168000,92400,45,75,7385000,
2025,6,06/21,토,6,9100000023,미니 공기청정기,AIRNEST,299000,239200,20,29,7552000,
2025,6,06/23,월,1,9100000013,글로우 쿠션 파운데이션,GLOWMATE,52000,39000,25,189,6955000,
2025,6,06/23,월,2,9100000002,여성 울 블렌드 가디건,LUMEN,219000,164200,25,28,4719000,
2025,6,06/23,월,3,9100000006,스포츠 트레이닝 팬츠,MOTION LAB,99000,89100,10,52,3931000,
2025,6,06/23,월,4,9100000019,프리미엄 프라이팬 세트,HOME TABLE,179000,161100,10,22,4241000,
2025,6,06/23,월,5,9100000025,프리미엄 견과 선물세트,DAILY PANTRY,69000,55200,20,63,4363000,
2025,6,06/24,화,1,9100000023,미니 공기청정기,AIRNEST,299000,164400,45,36,5917000,
2025,6,06/24,화,2,9100000026,시그니처 디저트 세트,DAILY PANTRY,59000,29500,50,171,5246000,
2025,6,06/24,화,3,9100000021,드립 커피메이커,MORNING BREW,159000,135200,15,29,3280000,
2025,6,06/24,화,4,9100000009,레더 미니 숄더백,ATELIER BAG,329000,213800,35,32,6499000,
2025,6,06/24,화,5,9100000014,벨벳 립 틴트,GLOWMATE,32000,22400,30,130,3461000,
2025,6,06/24,화,6,9100000013,글로우 쿠션 파운데이션,GLOWMATE,52000,44200,15,80,3886000,
2025,6,06/24,화,7,9100000012,진정 세럼,PURELAB,59000,38400,35,156,6636000,
2025,6,06/27,금,1,9100000017,퍼퓸 바디워시,BOTANIC DAY,39000,25400,35,241,5615000,
2025,6,06/27,금,2,9100000025,프리미엄 견과 선물세트,DAILY PANTRY,69000,38000,45,180,7556000,
2025,6,06/27,금,3,9100000008,골프 남성 기능성 팬츠,GREEN FAIRWAY,209000,125400,40,53,6074000,
2025,6,06/27,금,4,9100000002,여성 울 블렌드 가디건,LUMEN,219000,164200,25,37,5536000,
2025,6,06/27,금,5,9100000020,세라믹 냄비 세트,HOME TABLE,249000,124500,50,54,6764000,
2025,6,06/27,금,6,9100000013,글로우 쿠션 파운데이션,GLOWMATE,52000,33800,35,194,5769000,
2025,6,06/30,월,1,9100000016,퍼퓸 기프트 세트,SCENT ARCHIVE,198000,99000,50,78,8818000,
2025,6,06/30,월,2,9100000005,러닝 경량 자켓,MOTION LAB,149000,96800,35,49,5357000,
2025,6,06/30,월,3,9100000024,무선 서큘레이터,AIRNEST,189000,141800,25,38,5822000,
2025,6,06/30,월,4,9100000009,레더 미니 숄더백,ATELIER BAG,329000,213800,35,26,5440000,
2025,6,06/30,월,5,9100000026,시그니처 디저트 세트,DAILY PANTRY,59000,32500,45,147,4819000,
2025,7,07/02,수,1,9100000016,퍼퓸 기프트 세트,SCENT ARCHIVE,198000,118800,40,66,8167000,
2025,7,07/02,수,2,9100000007,골프 여성 카라 티셔츠,GREEN FAIRWAY,179000,143200,20,25,3994000,
2025,7,07/02,수,3,9100000017,퍼퓸 바디워시,BOTANIC DAY,39000,23400,40,250,5060000,
2025,7,07/02,수,4,9100000004,남성 테이퍼드 팬츠,NORDEN,159000,87400,45,39,2979000,
2025,7,07/02,수,5,9100000022,전기 토스터,MORNING BREW,119000,95200,20,49,4687000,
2025,7,07/03,목,1,9100000011,수분 장벽 크림,PURELAB,68000,51000,25,134,7862000,
2025,7,07/03,목,2,9100000021,드립 커피메이커,MORNING BREW,159000,127200,20,49,5643000,
2025,7,07/03,목,3,9100000002,여성 울 블렌드 가디건,LUMEN,219000,186200,15,20,3911000,
2025,7,07/03,목,4,9100000001,여성 캐시미어 블렌드 니트,LUMEN,189000,113400,40,48,4616000,
2025,7,07/03,목,5,9100000015,오드퍼퓸 50ML,SCENT ARCHIVE,168000,100800,40,43,4291000,
2025,7,07/03,목,6,9100000009,레더 미니 숄더백,ATELIER BAG,329000,213800,35,42,7716000,
2025,7,07/05,토,1,9100000022,전기 토스터,MORNING BREW,119000,89200,25,56,5373000,
2025,7,07/05,토,2,9100000001,여성 캐시미어 블렌드 니트,LUMEN,189000,151200,20,24,3677000,
2025,7,07/05,토,3,9100000021,드립 커피메이커,MORNING BREW,159000,111300,30,44,4358000,
2025,7,07/05,토,4,9100000024,무선 서큘레이터,AIRNEST,189000,132300,30,51,6873000,
2025,7,07/05,토,5,9100000008,골프 남성 기능성 팬츠,GREEN FAIRWAY,209000,104500,50,47,5266000,
2025,7,07/08,화,1,9100000012,진정 세럼,PURELAB,59000,47200,20,80,4666000,
2025,7,07/08,화,2,9100000025,프리미엄 견과 선물세트,DAILY PANTRY,69000,34500,50,90,3295000,
2025,7,07/08,화,3,9100000007,골프 여성 카라 티셔츠,GREEN FAIRWAY,179000,161100,10,27,4138000,
2025,7,07/08,화,4,9100000006,스포츠 트레이닝 팬츠,MOTION LAB,99000,49500,50,70,3322000,
2025,7,07/08,화,5,9100000013,글로우 쿠션 파운데이션,GLOWMATE,52000,46800,10,106,4667000,
2025,7,07/08,화,6,9100000001,여성 캐시미어 블렌드 니트,LUMEN,189000,170100,10,13,2593000,
2025,7,07/08,화,7,9100000008,골프 남성 기능성 팬츠,GREEN FAIRWAY,209000,115000,45,37,4193000,
2025,7,07/08,화,8,9100000020,세라믹 냄비 세트,HOME TABLE,249000,137000,45,36,5545000,
2025,7,07/09,수,1,9100000010,데일리 토트백,ATELIER BAG,259000,181300,30,39,6625000,
2025,7,07/09,수,2,9100000014,벨벳 립 틴트,GLOWMATE,32000,19200,40,231,5274000,
2025,7,07/09,수,3,9100000022,전기 토스터,MORNING BREW,119000,101200,15,37,3322000,
2025,7,07/09,수,4,9100000004,남성 테이퍼드 팬츠,NORDEN,159000,87400,45,32,3134000,
2025,7,07/09,수,5,9100000017,퍼퓸 바디워시,BOTANIC DAY,39000,27300,30,192,4417000,
2025,7,07/10,목,1,9100000010,데일리 토트백,ATELIER BAG,259000,194200,25,22,3908000,
2025,7,07/10,목,2,9100000006,스포츠 트레이닝 팬츠,MOTION LAB,99000,84200,15,54,4229000,
2025,7,07/10,목,3,9100000002,여성 울 블렌드 가디건,LUMEN,219000,175200,20,48,7515000,
2025,7,07/10,목,4,9100000018,너리싱 헤어 마스크,BOTANIC DAY,45000,38200,15,92,4163000,
2025,7,07/10,목,5,9100000016,퍼퓸 기프트 세트,SCENT ARCHIVE,198000,138600,30,56,7946000,
2025,7,07/10,목,6,9100000007,골프 여성 카라 티셔츠,GREEN FAIRWAY,179000,125300,30,28,4239000,
2025,7,07/10,목,7,9100000022,전기 토스터,MORNING BREW,119000,95200,20,58,4826000,
2025,7,07/10,목,8,9100000011,수분 장벽 크림,PURELAB,68000,44200,35,138,6602000,
2025,7,07/12,토,1,9100000001,여성 캐시미어 블렌드 니트,LUMEN,189000,122800,35,41,5112000,
2025,7,07/12,토,2,9100000005,러닝 경량 자켓,MOTION LAB,149000,104300,30,51,6325000,
2025,7,07/12,토,3,9100000022,전기 토스터,MORNING BREW,119000,77400,35,44,3556000,
2025,7,07/12,토,4,9100000021,드립 커피메이커,MORNING BREW,159000,87400,45,49,4471000,
2025,7,07/12,토,5,9100000006,스포츠 트레이닝 팬츠,MOTION LAB,99000,54500,45,78,4034000,
2025,7,07/14,월,1,9100000006,스포츠 트레이닝 팬츠,MOTION LAB,99000,54500,45,48,2745000,
2025,7,07/14,월,2,9100000004,남성 테이퍼드 팬츠,NORDEN,159000,103400,35,48,4330000,
2025,7,07/14,월,3,9100000014,벨벳 립 틴트,GLOWMATE,32000,25600,20,141,3618000,
2025,7,07/14,월,4,9100000019,프리미엄 프라이팬 세트,HOME TABLE,179000,107400,40,33,4268000,
2025,7,07/14,월,5,9100000016,퍼퓸 기프트 세트,SCENT ARCHIVE,198000,128700,35,37,4176000,
2025,7,07/15,화,1,9100000022,전기 토스터,MORNING BREW,119000,71400,40,64,5057000,
2025,7,07/15,화,2,9100000011,수분 장벽 크림,PURELAB,68000,44200,35,163,6802000,
2025,7,07/15,화,3,9100000017,퍼퓸 바디워시,BOTANIC DAY,39000,31200,20,142,4319000,
2025,7,07/15,화,4,9100000024,무선 서큘레이터,AIRNEST,189000,170100,10,19,2808000,
2025,7,07/15,화,5,9100000020,세라믹 냄비 세트,HOME TABLE,249000,124500,50,57,6216000,
2025,7,07/15,화,6,9100000004,남성 테이퍼드 팬츠,NORDEN,159000,127200,20,19,2403000,
2025,7,07/16,수,1,9100000002,여성 울 블렌드 가디건,LUMEN,219000,164200,25,25,4246000,
2025,7,07/16,수,2,9100000017,퍼퓸 바디워시,BOTANIC DAY,39000,21400,45,130,2786000,
2025,7,07/16,수,3,9100000008,골프 남성 기능성 팬츠,GREEN FAIRWAY,209000,135800,35,31,4176000,
2025,7,07/16,수,4,9100000018,너리싱 헤어 마스크,BOTANIC DAY,45000,40500,10,60,2501000,
2025,7,07/16,수,5,9100000021,드립 커피메이커,MORNING BREW,159000,79500,50,70,4899000,
2025,7,07/16,수,6,9100000013,글로우 쿠션 파운데이션,GLOWMATE,52000,36400,30,175,6222000,
2025,7,07/16,수,7,9100000022,전기 토스터,MORNING BREW,119000,65500,45,72,4980000,
2025,7,07/17,목,1,9100000015,오드퍼퓸 50ML,SCENT ARCHIVE,168000,109200,35,71,9199000,
2025,7,07/17,목,2,9100000011,수분 장벽 크림,PURELAB,68000,51000,25,76,4107000,
2025,7,07/17,목,3,9100000018,너리싱 헤어 마스크,BOTANIC DAY,45000,31500,30,133,4423000,
2025,7,07/17,목,4,9100000020,세라믹 냄비 세트,HOME TABLE,249000,211600,15,15,3682000,
2025,7,07/17,목,5,9100000023,미니 공기청정기,AIRNEST,299000,239200,20,33,7285000,
2025,7,07/17,목,6,9100000016,퍼퓸 기프트 세트,SCENT ARCHIVE,198000,118800,40,43,4934000,
2025,7,07/18,금,1,9100000007,골프 여성 카라 티셔츠,GREEN FAIRWAY,179000,152200,15,43,6751000,
2025,7,07/18,금,2,9100000015,오드퍼퓸 50ML,SCENT ARCHIVE,168000,84000,50,65,5424000,
2025,7,07/18,금,3,9100000026,시그니처 디저트 세트,DAILY PANTRY,59000,29500,50,176,5080000,
2025,7,07/18,금,4,9100000023,미니 공기청정기,AIRNEST,299000,179400,40,46,8243000,
2025,7,07/18,금,5,9100000011,수분 장벽 크림,PURELAB,68000,34000,50,234,6833000,
2025,7,07/18,금,6,9100000004,남성 테이퍼드 팬츠,NORDEN,159000,127200,20,30,4541000,
2025,7,07/18,금,7,9100000014,벨벳 립 틴트,GLOWMATE,32000,19200,40,235,4324000,
2025,7,07/18,금,8,9100000002,여성 울 블렌드 가디건,LUMEN,219000,142400,35,36,5386000,
2025,7,07/22,화,1,9100000010,데일리 토트백,ATELIER BAG,259000,181300,30,40,7198000,
2025,7,07/22,화,2,9100000015,오드퍼퓸 50ML,SCENT ARCHIVE,168000,109200,35,86,7969000,
2025,7,07/22,화,3,9100000005,러닝 경량 자켓,MOTION LAB,149000,111800,25,32,3363000,
2025,7,07/22,화,4,9100000024,무선 서큘레이터,AIRNEST,189000,132300,30,49,5520000,
2025,7,07/22,화,5,9100000014,벨벳 립 틴트,GLOWMATE,32000,25600,20,195,4719000,
2025,7,07/22,화,6,9100000020,세라믹 냄비 세트,HOME TABLE,249000,199200,20,27,4999000,
2025,7,07/22,화,7,9100000017,퍼퓸 바디워시,BOTANIC DAY,39000,25400,35,160,3674000,
2025,7,07/23,수,1,9100000022,전기 토스터,MORNING BREW,119000,107100,10,30,3931000,
2025,7,07/23,수,2,9100000024,무선 서큘레이터,AIRNEST,189000,170100,10,25,3820000,
2025,7,07/23,수,3,9100000018,너리싱 헤어 마스크,BOTANIC DAY,45000,36000,20,156,5217000,
2025,7,07/23,수,4,9100000010,데일리 토트백,ATELIER BAG,259000,207200,20,33,6280000,
2025,7,07/23,수,5,9100000014,벨벳 립 틴트,GLOWMATE,32000,22400,30,141,3109000,
2025,7,07/23,수,6,9100000001,여성 캐시미어 블렌드 니트,LUMEN,189000,122800,35,38,5565000,
2025,7,07/23,수,7,9100000017,퍼퓸 바디워시,BOTANIC DAY,39000,19500,50,218,3883000,
2025,7,07/23,수,8,9100000004,남성 테이퍼드 팬츠,NORDEN,159000,79500,50,39,3052000,
2025,7,07/25,금,1,9100000013,글로우 쿠션 파운데이션,GLOWMATE,52000,26000,50,173,4101000,
2025,7,07/25,금,2,9100000014,벨벳 립 틴트,GLOWMATE,32000,24000,25,228,4910000,
2025,7,07/25,금,3,9100000026,시그니처 디저트 세트,DAILY PANTRY,59000,32500,45,204,5682000,
2025,7,07/25,금,4,9100000022,전기 토스터,MORNING BREW,119000,77400,35,73,5530000,
2025,7,07/25,금,5,9100000011,수분 장벽 크림,PURELAB,68000,51000,25,163,7014000,
2025,7,07/26,토,1,9100000022,전기 토스터,MORNING BREW,119000,71400,40,42,3302000,
2025,7,07/26,토,2,9100000003,남성 클래식 셔츠,NORDEN,129000,90300,30,34,2945000,
2025,7,07/26,토,3,9100000006,스포츠 트레이닝 팬츠,MOTION LAB,99000,69300,30,35,2424000,
2025,7,07/26,토,4,9100000024,무선 서큘레이터,AIRNEST,189000,151200,20,26,3355000,
2025,7,07/26,토,5,9100000017,퍼퓸 바디워시,BOTANIC DAY,39000,35100,10,114,3806000,
2025,7,07/26,토,6,9100000004,남성 테이퍼드 팬츠,NORDEN,159000,111300,30,36,3850000,
2025,7,07/27,일,1,9100000017,퍼퓸 바디워시,BOTANIC DAY,39000,23400,40,163,3965000,
2025,7,07/27,일,2,9100000008,골프 남성 기능성 팬츠,GREEN FAIRWAY,209000,135800,35,29,4434000,
2025,7,07/27,일,3,9100000006,스포츠 트레이닝 팬츠,MOTION LAB,99000,64400,35,43,2988000,
2025,7,07/27,일,4,9100000026,시그니처 디저트 세트,DAILY PANTRY,59000,29500,50,123,3532000,
2025,7,07/27,일,5,9100000003,남성 클래식 셔츠,NORDEN,129000,116100,10,17,2066000,
2025,7,07/27,일,6,9100000023,미니 공기청정기,AIRNEST,299000,224200,25,31,6635000,
2025,7,07/27,일,7,9100000024,무선 서큘레이터,AIRNEST,189000,141800,25,41,5391000,
2025,7,07/28,월,1,9100000013,글로우 쿠션 파운데이션,GLOWMATE,52000,46800,10,148,6130000,
2025,7,07/28,월,2,9100000009,레더 미니 숄더백,ATELIER BAG,329000,213800,35,28,6028000,
2025,7,07/28,월,3,9100000018,너리싱 헤어 마스크,BOTANIC DAY,45000,24800,45,116,2491000,
2025,7,07/28,월,4,9100000024,무선 서큘레이터,AIRNEST,189000,141800,25,23,3872000,
2025,7,07/28,월,5,9100000010,데일리 토트백,ATELIER BAG,259000,220200,15,17,3153000,
2025,7,07/29,화,1,9100000021,드립 커피메이커,MORNING BREW,159000,119200,25,56,6893000,
2025,7,07/29,화,2,9100000003,남성 클래식 셔츠,NORDEN,129000,109600,15,27,2573000,
2025,7,07/29,화,3,9100000007,골프 여성 카라 티셔츠,GREEN FAIRWAY,179000,107400,40,61,5567000,
2025,7,07/29,화,4,9100000022,전기 토스터,MORNING BREW,119000,95200,20,30,2589000,
2025,7,07/29,화,5,9100000025,프리미엄 견과 선물세트,DAILY PANTRY,69000,62100,10,34,2584000,
2025,7,07/31,목,1,9100000009,레더 미니 숄더백,ATELIER BAG,329000,197400,40,29,6075000,
2025,7,07/31,목,2,9100000014,벨벳 립 틴트,GLOWMATE,32000,27200,15,159,4093000,
2025,7,07/31,목,3,9100000013,글로우 쿠션 파운데이션,GLOWMATE,52000,44200,15,137,5838000,
2025,7,07/31,목,4,9100000015,오드퍼퓸 50ML,SCENT ARCHIVE,168000,142800,15,39,5529000,
2025,7,07/31,목,5,9100000021,드립 커피메이커,MORNING BREW,159000,111300,30,53,6429000,
2025,7,07/31,목,6,9100000024,무선 서큘레이터,AIRNEST,189000,160600,15,27,3675000,
2025,8,08/01,금,1,9100000016,퍼퓸 기프트 세트,SCENT ARCHIVE,198000,118800,40,101,10507000,
2025,8,08/01,금,2,9100000006,스포츠 트레이닝 팬츠,MOTION LAB,99000,69300,30,67,5424000,
2025,8,08/01,금,3,9100000018,너리싱 헤어 마스크,BOTANIC DAY,45000,29200,35,163,5915000,
2025,8,08/01,금,4,9100000008,골프 남성 기능성 팬츠,GREEN FAIRWAY,209000,104500,50,32,4102000,
2025,8,08/01,금,5,9100000005,러닝 경량 자켓,MOTION LAB,149000,89400,40,63,4743000,
2025,8,08/02,토,1,9100000007,골프 여성 카라 티셔츠,GREEN FAIRWAY,179000,134200,25,42,6226000,
2025,8,08/02,토,2,9100000014,벨벳 립 틴트,GLOWMATE,32000,27200,15,125,3047000,
2025,8,08/02,토,3,9100000021,드립 커피메이커,MORNING BREW,159000,143100,10,51,6188000,
2025,8,08/02,토,4,9100000017,퍼퓸 바디워시,BOTANIC DAY,39000,19500,50,178,3401000,
2025,8,08/02,토,5,9100000005,러닝 경량 자켓,MOTION LAB,149000,104300,30,43,4990000,
2025,8,08/02,토,6,9100000006,스포츠 트레이닝 팬츠,MOTION LAB,99000,74200,25,49,3638000,
2025,8,08/02,토,7,9100000024,무선 서큘레이터,AIRNEST,189000,122800,35,37,4246000,
2025,8,08/03,일,1,9100000020,세라믹 냄비 세트,HOME TABLE,249000,174300,30,35,7158000,
2025,8,08/03,일,2,9100000003,남성 클래식 셔츠,NORDEN,129000,83800,35,62,4416000,
2025,8,08/03,일,3,9100000007,골프 여성 카라 티셔츠,GREEN FAIRWAY,179000,143200,20,20,3142000,
2025,8,08/03,일,4,9100000011,수분 장벽 크림,PURELAB,68000,51000,25,125,6022000,
2025,8,08/03,일,5,9100000016,퍼퓸 기프트 세트,SCENT ARCHIVE,198000,138600,30,49,8016000,
2025,8,08/03,일,6,9100000015,오드퍼퓸 50ML,SCENT ARCHIVE,168000,109200,35,67,7425000,
2025,8,08/03,일,7,9100000023,미니 공기청정기,AIRNEST,299000,194400,35,32,6312000,
2025,8,08/04,월,1,9100000009,레더 미니 숄더백,ATELIER BAG,329000,279600,15,26,6376000,
2025,8,08/04,월,2,9100000005,러닝 경량 자켓,MOTION LAB,149000,74500,50,68,4492000,
2025,8,08/04,월,3,9100000018,너리싱 헤어 마스크,BOTANIC DAY,45000,27000,40,143,4348000,
2025,8,08/04,월,4,9100000007,골프 여성 카라 티셔츠,GREEN FAIRWAY,179000,161100,10,27,4336000,
2025,8,08/04,월,5,9100000024,무선 서큘레이터,AIRNEST,189000,94500,50,48,4054000,
2025,8,08/05,화,1,9100000025,프리미엄 견과 선물세트,DAILY PANTRY,69000,34500,50,127,4555000,
2025,8,08/05,화,2,9100000019,프리미엄 프라이팬 세트,HOME TABLE,179000,89500,50,31,3108000,
2025,8,08/05,화,3,9100000024,무선 서큘레이터,AIRNEST,189000,151200,20,32,5663000,
2025,8,08/05,화,4,9100000010,데일리 토트백,ATELIER BAG,259000,207200,20,21,3744000,
2025,8,08/05,화,5,9100000005,러닝 경량 자켓,MOTION LAB,149000,119200,20,38,4582000,
2025,8,08/05,화,6,9100000015,오드퍼퓸 50ML,SCENT ARCHIVE,168000,109200,35,41,4066000,
2025,8,08/06,수,1,9100000012,진정 세럼,PURELAB,59000,35400,40,172,6189000,
2025,8,08/06,수,2,9100000008,골프 남성 기능성 팬츠,GREEN FAIRWAY,209000,188100,10,20,3502000,
2025,8,08/06,수,3,9100000002,여성 울 블렌드 가디건,LUMEN,219000,186200,15,31,5808000,
2025,8,08/06,수,4,9100000022,전기 토스터,MORNING BREW,119000,83300,30,58,5326000,
2025,8,08/06,수,5,9100000007,골프 여성 카라 티셔츠,GREEN FAIRWAY,179000,89500,50,52,4861000,
2025,8,08/06,수,6,9100000017,퍼퓸 바디워시,BOTANIC DAY,39000,23400,40,139,3063000,
2025,8,08/06,수,7,9100000026,시그니처 디저트 세트,DAILY PANTRY,59000,50200,15,63,3348000,
2025,8,08/08,금,1,9100000012,진정 세럼,PURELAB,59000,32500,45,135,5266000,
2025,8,08/08,금,2,9100000016,퍼퓸 기프트 세트,SCENT ARCHIVE,198000,138600,30,43,6766000,
2025,8,08/08,금,3,9100000025,프리미엄 견과 선물세트,DAILY PANTRY,69000,44800,35,138,5506000,
2025,8,08/08,금,4,9100000020,세라믹 냄비 세트,HOME TABLE,249000,186800,25,29,5752000,
2025,8,08/08,금,5,9100000001,여성 캐시미어 블렌드 니트,LUMEN,189000,160600,15,27,4414000,
2025,8,08/08,금,6,9100000017,퍼퓸 바디워시,BOTANIC DAY,39000,29200,25,138,3802000,
2025,8,08/08,금,7,9100000005,러닝 경량 자켓,MOTION LAB,149000,89400,40,26,2889000,
2025,8,08/09,토,1,9100000005,러닝 경량 자켓,MOTION LAB,149000,134100,10,31,3532000,
2025,8,08/09,토,2,9100000021,드립 커피메이커,MORNING BREW,159000,79500,50,94,7158000,
2025,8,08/09,토,3,9100000017,퍼퓸 바디워시,BOTANIC DAY,39000,35100,10,136,4370000,
2025,8,08/09,토,4,9100000002,여성 울 블렌드 가디건,LUMEN,219000,153300,30,43,7493000,
2025,8,08/09,토,5,9100000019,프리미엄 프라이팬 세트,HOME TABLE,179000,98500,45,53,6007000,
2025,8,08/09,토,6,9100000026,시그니처 디저트 세트,DAILY PANTRY,59000,35400,40,131,4152000,
2025,8,08/11,월,1,9100000006,스포츠 트레이닝 팬츠,MOTION LAB,99000,84200,15,29,2573000,
2025,8,08/11,월,2,9100000024,무선 서큘레이터,AIRNEST,189000,160600,15,18,2920000,
2025,8,08/11,월,3,9100000022,전기 토스터,MORNING BREW,119000,59500,50,81,4246000,
2025,8,08/11,월,4,9100000011,수분 장벽 크림,PURELAB,68000,57800,15,74,3672000,
2025,8,08/11,월,5,9100000015,오드퍼퓸 50ML,SCENT ARCHIVE,168000,151200,10,44,6553000,
2025,8,08/11,월,6,9100000020,세라믹 냄비 세트,HOME TABLE,249000,211600,15,16,3160000,
2025,8,08/11,월,7,9100000019,프리미엄 프라이팬 세트,HOME TABLE,179000,89500,50,60,4663000,
2025,8,08/13,수,1,9100000012,진정 세럼,PURELAB,59000,38400,35,197,6904000,
2025,8,08/13,수,2,9100000002,여성 울 블렌드 가디건,LUMEN,219000,186200,15,24,5000000,
2025,8,08/13,수,3,9100000023,미니 공기청정기,AIRNEST,299000,224200,25,30,7968000,
2025,8,08/13,수,4,9100000017,퍼퓸 바디워시,BOTANIC DAY,39000,19500,50,144,3210000,
2025,8,08/13,수,5,9100000014,벨벳 립 틴트,GLOWMATE,32000,28800,10,106,3614000,
2025,8,08/13,수,6,9100000008,골프 남성 기능성 팬츠,GREEN FAIRWAY,209000,188100,10,19,4071000,
2025,8,08/13,수,7,9100000016,퍼퓸 기프트 세트,SCENT ARCHIVE,198000,128700,35,40,6105000,
2025,8,08/13,수,8,9100000013,글로우 쿠션 파운데이션,GLOWMATE,52000,31200,40,144,4983000,
2025,8,08/15,금,1,9100000020,세라믹 냄비 세트,HOME TABLE,249000,124500,50,51,6675000,
2025,8,08/15,금,2,9100000009,레더 미니 숄더백,ATELIER BAG,329000,164500,50,47,6460000,
2025,8,08/15,금,3,9100000022,전기 토스터,MORNING BREW,119000,77400,35,72,5812000,
2025,8,08/15,금,4,9100000013,글로우 쿠션 파운데이션,GLOWMATE,52000,41600,20,172,6739000,
2025,8,08/15,금,5,9100000007,골프 여성 카라 티셔츠,GREEN FAIRWAY,179000,134200,25,40,4992000,
2025,8,08/15,금,6,9100000014,벨벳 립 틴트,GLOWMATE,32000,25600,20,110,2816000,
2025,8,08/15,금,7,9100000018,너리싱 헤어 마스크,BOTANIC DAY,45000,29200,35,169,4708000,
2025,8,08/16,토,1,9100000006,스포츠 트레이닝 팬츠,MOTION LAB,99000,84200,15,51,4346000,
2025,8,08/16,토,2,9100000013,글로우 쿠션 파운데이션,GLOWMATE,52000,31200,40,116,3995000,
2025,8,08/16,토,3,9100000021,드립 커피메이커,MORNING BREW,159000,103400,35,32,4012000,
2025,8,08/16,토,4,9100000001,여성 캐시미어 블렌드 니트,LUMEN,189000,113400,40,54,6323000,
2025,8,08/16,토,5,9100000026,시그니처 디저트 세트,DAILY PANTRY,59000,29500,50,129,3214000,
2025,8,08/17,일,1,9100000021,드립 커피메이커,MORNING BREW,159000,111300,30,45,4471000,
2025,8,08/17,일,2,9100000016,퍼퓸 기프트 세트,SCENT ARCHIVE,198000,99000,50,61,6752000,
2025,8,08/17,일,3,9100000015,오드퍼퓸 50ML,SCENT ARCHIVE,168000,134400,20,49,6952000,
2025,8,08/17,일,4,9100000001,여성 캐시미어 블렌드 니트,LUMEN,189000,170100,10,26,5317000,
2025,8,08/17,일,5,9100000007,골프 여성 카라 티셔츠,GREEN FAIRWAY,179000,125300,30,42,5619000,
2025,8,08/17,일,6,9100000017,퍼퓸 바디워시,BOTANIC DAY,39000,23400,40,111,2943000,
2025,8,08/18,월,1,9100000003,남성 클래식 셔츠,NORDEN,129000,83800,35,45,3351000,
2025,8,08/18,월,2,9100000018,너리싱 헤어 마스크,BOTANIC DAY,45000,33800,25,103,3966000,
2025,8,08/18,월,3,9100000010,데일리 토트백,ATELIER BAG,259000,155400,40,30,5210000,
2025,8,08/18,월,4,9100000024,무선 서큘레이터,AIRNEST,189000,113400,40,41,4576000,
2025,8,08/18,월,5,9100000019,프리미엄 프라이팬 세트,HOME TABLE,179000,89500,50,46,3458000,
2025,8,08/23,토,1,9100000013,글로우 쿠션 파운데이션,GLOWMATE,52000,46800,10,101,5249000,
2025,8,08/23,토,2,9100000019,프리미엄 프라이팬 세트,HOME TABLE,179000,107400,40,65,5866000,
2025,8,08/23,토,3,9100000016,퍼퓸 기프트 세트,SCENT ARCHIVE,198000,148500,25,57,8768000,
2025,8,08/23,토,4,9100000008,골프 남성 기능성 팬츠,GREEN FAIRWAY,209000,135800,35,33,5652000,
2025,8,08/23,토,5,9100000011,수분 장벽 크림,PURELAB,68000,47600,30,84,4799000,
2025,8,08/23,토,6,9100000015,오드퍼퓸 50ML,SCENT ARCHIVE,168000,109200,35,48,4516000,
2025,8,08/23,토,7,9100000021,드립 커피메이커,MORNING BREW,159000,87400,45,42,4174000,
2025,8,08/23,토,8,9100000025,프리미엄 견과 선물세트,DAILY PANTRY,69000,48300,30,72,3183000,
2025,8,08/25,월,1,9100000008,골프 남성 기능성 팬츠,GREEN FAIRWAY,209000,156800,25,48,6643000,
2025,8,08/25,월,2,9100000024,무선 서큘레이터,AIRNEST,189000,122800,35,26,3834000,
2025,8,08/25,월,3,9100000026,시그니처 디저트 세트,DAILY PANTRY,59000,50200,15,83,3908000,
2025,8,08/25,월,4,9100000009,레더 미니 숄더백,ATELIER BAG,329000,296100,10,20,5731000,
2025,8,08/25,월,5,9100000007,골프 여성 카라 티셔츠,GREEN FAIRWAY,179000,161100,10,29,5001000,
2025,8,08/25,월,6,9100000025,프리미엄 견과 선물세트,DAILY PANTRY,69000,44800,35,102,3845000,
2025,8,08/28,목,1,9100000013,글로우 쿠션 파운데이션,GLOWMATE,52000,28600,45,224,7889000,
2025,8,08/28,목,2,9100000008,골프 남성 기능성 팬츠,GREEN FAIRWAY,209000,135800,35,45,5684000,
2025,8,08/28,목,3,9100000019,프리미엄 프라이팬 세트,HOME TABLE,179000,143200,20,29,4967000,
2025,8,08/28,목,4,9100000005,러닝 경량 자켓,MOTION LAB,149000,74500,50,61,4220000,
2025,8,08/28,목,5,9100000002,여성 울 블렌드 가디건,LUMEN,219000,197100,10,26,5477000,
2025,8,08/28,목,6,9100000017,퍼퓸 바디워시,BOTANIC DAY,39000,33200,15,87,2770000,
2025,8,08/28,목,7,9100000014,벨벳 립 틴트,GLOWMATE,32000,22400,30,121,2987000,
2025,8,08/29,금,1,9100000012,진정 세럼,PURELAB,59000,38400,35,209,8819000,
2025,8,08/29,금,2,9100000006,스포츠 트레이닝 팬츠,MOTION LAB,99000,79200,20,61,4075000,
2025,8,08/29,금,3,9100000016,퍼퓸 기프트 세트,SCENT ARCHIVE,198000,148500,25,69,9428000,
2025,8,08/29,금,4,9100000014,벨벳 립 틴트,GLOWMATE,32000,24000,25,208,4361000,
2025,8,08/29,금,5,9100000007,골프 여성 카라 티셔츠,GREEN FAIRWAY,179000,134200,25,34,3900000,
2025,8,08/29,금,6,9100000023,미니 공기청정기,AIRNEST,299000,239200,20,20,5919000,
2025,8,08/29,금,7,9100000026,시그니처 디저트 세트,DAILY PANTRY,59000,35400,40,136,4005000,
2025,8,08/31,일,1,9100000026,시그니처 디저트 세트,DAILY PANTRY,59000,35400,40,76,3114000,
2025,8,08/31,일,2,9100000016,퍼퓸 기프트 세트,SCENT ARCHIVE,198000,148500,25,56,8385000,
2025,8,08/31,일,3,9100000010,데일리 토트백,ATELIER BAG,259000,220200,15,19,4381000,
2025,8,08/31,일,4,9100000009,레더 미니 숄더백,ATELIER BAG,329000,213800,35,24,5099000,
2025,8,08/31,일,5,9100000018,너리싱 헤어 마스크,BOTANIC DAY,45000,31500,30,97,3163000,
2025,8,08/31,일,6,9100000019,프리미엄 프라이팬 세트,HOME TABLE,179000,116400,35,56,5472000,
2025,8,08/31,일,7,9100000002,여성 울 블렌드 가디건,LUMEN,219000,164200,25,30,4691000,
2025,9,09/01,월,1,9100000012,진정 세럼,PURELAB,59000,35400,40,173,6230000,
2025,9,09/01,월,2,9100000011,수분 장벽 크림,PURELAB,68000,54400,20,135,6964000,
2025,9,09/01,월,3,9100000022,전기 토스터,MORNING BREW,119000,77400,35,52,3868000,
2025,9,09/01,월,4,9100000017,퍼퓸 바디워시,BOTANIC DAY,39000,23400,40,146,4123000,
2025,9,09/01,월,5,9100000016,퍼퓸 기프트 세트,SCENT ARCHIVE,198000,158400,20,31,5341000,
2025,9,09/01,월,6,9100000015,오드퍼퓸 50ML,SCENT ARCHIVE,168000,117600,30,58,6596000,
2025,9,09/01,월,7,9100000003,남성 클래식 셔츠,NORDEN,129000,77400,40,31,2432000,
2025,9,09/03,수,1,9100000014,벨벳 립 틴트,GLOWMATE,32000,24000,25,118,3367000,
2025,9,09/03,수,2,9100000006,스포츠 트레이닝 팬츠,MOTION LAB,99000,84200,15,51,4305000,
2025,9,09/03,수,3,9100000025,프리미엄 견과 선물세트,DAILY PANTRY,69000,62100,10,43,2761000,
2025,9,09/03,수,4,9100000001,여성 캐시미어 블렌드 니트,LUMEN,189000,160600,15,20,3093000,
2025,9,09/03,수,5,9100000005,러닝 경량 자켓,MOTION LAB,149000,126600,15,39,4232000,
2025,9,09/03,수,6,9100000008,골프 남성 기능성 팬츠,GREEN FAIRWAY,209000,146300,30,31,4138000,
2025,9,09/03,수,7,9100000009,레더 미니 숄더백,ATELIER BAG,329000,181000,45,27,5793000,
2025,9,09/03,수,8,9100000003,남성 클래식 셔츠,NORDEN,129000,103200,20,21,2022000,
2025,9,09/05,금,1,9100000015,오드퍼퓸 50ML,SCENT ARCHIVE,168000,92400,45,101,8885000,
2025,9,09/05,금,2,9100000018,너리싱 헤어 마스크,BOTANIC DAY,45000,27000,40,180,4598000,
2025,9,09/05,금,3,9100000009,레더 미니 숄더백,ATELIER BAG,329000,230300,30,38,8814000,
2025,9,09/05,금,4,9100000025,프리미엄 견과 선물세트,DAILY PANTRY,69000,51800,25,107,5676000,
2025,9,09/05,금,5,9100000026,시그니처 디저트 세트,DAILY PANTRY,59000,38400,35,92,4116000,
2025,9,09/05,금,6,9100000005,러닝 경량 자켓,MOTION LAB,149000,134100,10,22,2617000,
2025,9,09/05,금,7,9100000023,미니 공기청정기,AIRNEST,299000,239200,20,21,5204000,
2025,9,09/05,금,8,9100000006,스포츠 트레이닝 팬츠,MOTION LAB,99000,89100,10,37,3319000,
2025,9,09/07,일,1,9100000026,시그니처 디저트 세트,DAILY PANTRY,59000,35400,40,151,5488000,
2025,9,09/07,일,2,9100000010,데일리 토트백,ATELIER BAG,259000,194200,25,22,3898000,
2025,9,09/07,일,3,9100000020,세라믹 냄비 세트,HOME TABLE,249000,149400,40,41,6894000,
2025,9,09/07,일,4,9100000008,골프 남성 기능성 팬츠,GREEN FAIRWAY,209000,177600,15,21,4221000,
2025,9,09/07,일,5,9100000001,여성 캐시미어 블렌드 니트,LUMEN,189000,132300,30,31,3725000,
2025,9,09/07,일,6,9100000018,너리싱 헤어 마스크,BOTANIC DAY,45000,31500,30,117,3232000,
2025,9,09/07,일,7,9100000012,진정 세럼,PURELAB,59000,47200,20,61,3388000,
2025,9,09/07,일,8,9100000007,골프 여성 카라 티셔츠,GREEN FAIRWAY,179000,98500,45,42,4545000,
2025,9,09/08,월,1,9100000011,수분 장벽 크림,PURELAB,68000,54400,20,130,7770000,
2025,9,09/08,월,2,9100000001,여성 캐시미어 블렌드 니트,LUMEN,189000,151200,20,38,5247000,
2025,9,09/08,월,3,9100000005,러닝 경량 자켓,MOTION LAB,149000,111800,25,21,2910000,
2025,9,09/08,월,4,9100000002,여성 울 블렌드 가디건,LUMEN,219000,164200,25,24,4298000,
2025,9,09/08,월,5,9100000018,너리싱 헤어 마스크,BOTANIC DAY,45000,24800,45,181,4562000,
2025,9,09/08,월,6,9100000025,프리미엄 견과 선물세트,DAILY PANTRY,69000,62100,10,55,2977000,
2025,9,09/10,수,1,9100000003,남성 클래식 셔츠,NORDEN,129000,109600,15,47,4786000,
2025,9,09/10,수,2,9100000018,너리싱 헤어 마스크,BOTANIC DAY,45000,27000,40,179,4950000,
2025,9,09/10,수,3,9100000016,퍼퓸 기프트 세트,SCENT ARCHIVE,198000,178200,10,32,5183000,
2025,9,09/10,수,4,9100000006,스포츠 트레이닝 팬츠,MOTION LAB,99000,84200,15,44,3102000,
2025,9,09/10,수,5,9100000007,골프 여성 카라 티셔츠,GREEN FAIRWAY,179000,98500,45,54,4525000,
2025,9,09/10,수,6,9100000009,레더 미니 숄더백,ATELIER BAG,329000,213800,35,22,4298000,
2025,9,09/10,수,7,9100000013,글로우 쿠션 파운데이션,GLOWMATE,52000,26000,50,153,4413000,
2025,9,09/10,수,8,9100000001,여성 캐시미어 블렌드 니트,LUMEN,189000,132300,30,30,3410000,
2025,9,09/12,금,1,9100000008,골프 남성 기능성 팬츠,GREEN FAIRWAY,209000,167200,20,48,7733000,
2025,9,09/12,금,2,9100000021,드립 커피메이커,MORNING BREW,159000,95400,40,62,7359000,
2025,9,09/12,금,3,9100000014,벨벳 립 틴트,GLOWMATE,32000,28800,10,159,4259000,
2025,9,09/12,금,4,9100000011,수분 장벽 크림,PURELAB,68000,54400,20,86,5567000,
2025,9,09/12,금,5,9100000001,여성 캐시미어 블렌드 니트,LUMEN,189000,151200,20,34,4840000,
2025,9,09/13,토,1,9100000002,여성 울 블렌드 가디건,LUMEN,219000,109500,50,56,7180000,
2025,9,09/13,토,2,9100000012,진정 세럼,PURELAB,59000,44200,25,120,5180000,
2025,9,09/13,토,3,9100000021,드립 커피메이커,MORNING BREW,159000,103400,35,65,6898000,
2025,9,09/13,토,4,9100000005,러닝 경량 자켓,MOTION LAB,149000,111800,25,25,2916000,
2025,9,09/13,토,5,9100000023,미니 공기청정기,AIRNEST,299000,239200,20,16,4816000,
2025,9,09/15,월,1,9100000007,골프 여성 카라 티셔츠,GREEN FAIRWAY,179000,89500,50,43,3815000,
2025,9,09/15,월,2,9100000019,프리미엄 프라이팬 세트,HOME TABLE,179000,98500,45,38,4115000,
2025,9,09/15,월,3,9100000006,스포츠 트레이닝 팬츠,MOTION LAB,99000,64400,35,55,3211000,
2025,9,09/15,월,4,9100000018,너리싱 헤어 마스크,BOTANIC DAY,45000,22500,50,118,3044000,
2025,9,09/15,월,5,9100000012,진정 세럼,PURELAB,59000,53100,10,85,4745000,
2025,9,09/15,월,6,9100000011,수분 장벽 크림,PURELAB,68000,51000,25,68,4182000,
2025,9,09/15,월,7,9100000015,오드퍼퓸 50ML,SCENT ARCHIVE,168000,84000,50,65,6259000,
2025,9,09/15,월,8,9100000009,레더 미니 숄더백,ATELIER BAG,329000,181000,45,27,5635000,
2025,9,09/16,화,1,9100000021,드립 커피메이커,MORNING BREW,159000,127200,20,48,6926000,
2025,9,09/16,화,2,9100000011,수분 장벽 크림,PURELAB,68000,37400,45,101,4656000,
2025,9,09/16,화,3,9100000004,남성 테이퍼드 팬츠,NORDEN,159000,95400,40,46,4361000,
2025,9,09/16,화,4,9100000024,무선 서큘레이터,AIRNEST,189000,132300,30,22,3341000,
2025,9,09/16,화,5,9100000017,퍼퓸 바디워시,BOTANIC DAY,39000,33200,15,69,1965000,
2025,9,09/16,화,6,9100000003,남성 클래식 셔츠,NORDEN,129000,71000,45,65,4052000,
2025,9,09/16,화,7,9100000002,여성 울 블렌드 가디건,LUMEN,219000,120500,45,39,5659000,
2025,9,09/16,화,8,9100000005,러닝 경량 자켓,MOTION LAB,149000,74500,50,64,4107000,
2025,9,09/19,금,1,9100000017,퍼퓸 바디워시,BOTANIC DAY,39000,19500,50,170,3045000,
2025,9,09/19,금,2,9100000002,여성 울 블렌드 가디건,LUMEN,219000,109500,50,44,5548000,
2025,9,09/19,금,3,9100000024,무선 서큘레이터,AIRNEST,189000,141800,25,48,5754000,
2025,9,09/19,금,4,9100000003,남성 클래식 셔츠,NORDEN,129000,64500,50,64,4242000,
2025,9,09/19,금,5,9100000010,데일리 토트백,ATELIER BAG,259000,220200,15,27,5810000,
2025,9,09/19,금,6,9100000023,미니 공기청정기,AIRNEST,299000,164400,45,42,7085000,
2025,9,09/19,금,7,9100000007,골프 여성 카라 티셔츠,GREEN FAIRWAY,179000,152200,15,20,3449000,
2025,9,09/20,토,1,9100000022,전기 토스터,MORNING BREW,119000,59500,50,97,6178000,
2025,9,09/20,토,2,9100000006,스포츠 트레이닝 팬츠,MOTION LAB,99000,64400,35,59,3610000,
2025,9,09/20,토,3,9100000018,너리싱 헤어 마스크,BOTANIC DAY,45000,29200,35,159,4519000,
2025,9,09/20,토,4,9100000020,세라믹 냄비 세트,HOME TABLE,249000,186800,25,29,5234000,
2025,9,09/20,토,5,9100000015,오드퍼퓸 50ML,SCENT ARCHIVE,168000,117600,30,50,5976000,
2025,9,09/20,토,6,9100000012,진정 세럼,PURELAB,59000,35400,40,79,3432000,
2025,9,09/20,토,7,9100000011,수분 장벽 크림,PURELAB,68000,47600,30,123,5835000,
2025,9,09/22,월,1,9100000008,골프 남성 기능성 팬츠,GREEN FAIRWAY,209000,104500,50,54,5486000,
2025,9,09/22,월,2,9100000007,골프 여성 카라 티셔츠,GREEN FAIRWAY,179000,152200,15,19,3053000,
2025,9,09/22,월,3,9100000011,수분 장벽 크림,PURELAB,68000,54400,20,95,4458000,
2025,9,09/22,월,4,9100000001,여성 캐시미어 블렌드 니트,LUMEN,189000,141800,25,27,3438000,
2025,9,09/22,월,5,9100000009,레더 미니 숄더백,ATELIER BAG,329000,279600,15,18,4876000,
2025,9,09/22,월,6,9100000018,너리싱 헤어 마스크,BOTANIC DAY,45000,33800,25,120,3711000,
2025,9,09/22,월,7,9100000017,퍼퓸 바디워시,BOTANIC DAY,39000,21400,45,122,2304000,
2025,9,09/23,화,1,9100000020,세라믹 냄비 세트,HOME TABLE,249000,149400,40,24,4414000,
2025,9,09/23,화,2,9100000021,드립 커피메이커,MORNING BREW,159000,103400,35,54,4918000,
2025,9,09/23,화,3,9100000010,데일리 토트백,ATELIER BAG,259000,155400,40,37,6715000,
2025,9,09/23,화,4,9100000002,여성 울 블렌드 가디건,LUMEN,219000,164200,25,41,5911000,
2025,9,09/23,화,5,9100000024,무선 서큘레이터,AIRNEST,189000,170100,10,28,4483000,
2025,9,09/24,수,1,9100000011,수분 장벽 크림,PURELAB,68000,51000,25,102,4845000,
2025,9,09/24,수,2,9100000018,너리싱 헤어 마스크,BOTANIC DAY,45000,27000,40,226,5532000,
2025,9,09/24,수,3,9100000019,프리미엄 프라이팬 세트,HOME TABLE,179000,89500,50,37,3415000,
2025,9,09/24,수,4,9100000005,러닝 경량 자켓,MOTION LAB,149000,89400,40,35,3335000,
2025,9,09/24,수,5,9100000017,퍼퓸 바디워시,BOTANIC DAY,39000,21400,45,140,3663000,
2025,9,09/25,목,1,9100000013,글로우 쿠션 파운데이션,GLOWMATE,52000,41600,20,166,6940000,
2025,9,09/25,목,2,9100000017,퍼퓸 바디워시,BOTANIC DAY,39000,29200,25,142,3921000,
2025,9,09/25,목,3,9100000014,벨벳 립 틴트,GLOWMATE,32000,24000,25,217,4347000,
2025,9,09/25,목,4,9100000025,프리미엄 견과 선물세트,DAILY PANTRY,69000,34500,50,86,3570000,
2025,9,09/25,목,5,9100000023,미니 공기청정기,AIRNEST,299000,179400,40,35,5359000,
2025,9,09/26,금,1,9100000014,벨벳 립 틴트,GLOWMATE,32000,22400,30,163,3879000,
2025,9,09/26,금,2,9100000012,진정 세럼,PURELAB,59000,32500,45,213,7082000,
2025,9,09/26,금,3,9100000025,프리미엄 견과 선물세트,DAILY PANTRY,69000,51800,25,70,3840000,
2025,9,09/26,금,4,9100000007,골프 여성 카라 티셔츠,GREEN FAIRWAY,179000,152200,15,20,3634000,
2025,9,09/26,금,5,9100000011,수분 장벽 크림,PURELAB,68000,54400,20,153,7395000,
2025,9,09/26,금,6,9100000024,무선 서큘레이터,AIRNEST,189000,170100,10,27,4043000,
2025,9,09/26,금,7,9100000020,세라믹 냄비 세트,HOME TABLE,249000,174300,30,26,5629000,
2025,9,09/26,금,8,9100000001,여성 캐시미어 블렌드 니트,LUMEN,189000,141800,25,32,5192000,
2025,9,09/27,토,1,9100000018,너리싱 헤어 마스크,BOTANIC DAY,45000,22500,50,111,2874000,
2025,9,09/27,토,2,9100000016,퍼퓸 기프트 세트,SCENT ARCHIVE,198000,138600,30,49,6283000,
2025,9,09/27,토,3,9100000020,세라믹 냄비 세트,HOME TABLE,249000,174300,30,26,4330000,
2025,9,09/27,토,4,9100000005,러닝 경량 자켓,MOTION LAB,149000,134100,10,22,2822000,
2025,9,09/27,토,5,9100000022,전기 토스터,MORNING BREW,119000,77400,35,55,5304000,
2025,9,09/27,토,6,9100000001,여성 캐시미어 블렌드 니트,LUMEN,189000,113400,40,31,3673000,
2025,9,09/27,토,7,9100000013,글로우 쿠션 파운데이션,GLOWMATE,52000,44200,15,122,5409000,
2025,9,09/28,일,1,9100000006,스포츠 트레이닝 팬츠,MOTION LAB,99000,89100,10,29,2197000,
2025,9,09/28,일,2,9100000007,골프 여성 카라 티셔츠,GREEN FAIRWAY,179000,125300,30,36,4660000,
2025,9,09/28,일,3,9100000017,퍼퓸 바디워시,BOTANIC DAY,39000,31200,20,78,2266000,
2025,9,09/28,일,4,9100000015,오드퍼퓸 50ML,SCENT ARCHIVE,168000,109200,35,56,6857000,
2025,9,09/28,일,5,9100000018,너리싱 헤어 마스크,BOTANIC DAY,45000,22500,50,101,2751000,
2025,9,09/29,월,1,9100000001,여성 캐시미어 블렌드 니트,LUMEN,189000,160600,15,32,5157000,
2025,9,09/29,월,2,9100000018,너리싱 헤어 마스크,BOTANIC DAY,45000,33800,25,106,3478000,
2025,9,09/29,월,3,9100000009,레더 미니 숄더백,ATELIER BAG,329000,197400,40,44,7439000,
2025,9,09/29,월,4,9100000008,골프 남성 기능성 팬츠,GREEN FAIRWAY,209000,135800,35,30,4824000,
2025,9,09/29,월,5,9100000005,러닝 경량 자켓,MOTION LAB,149000,119200,20,36,3986000,
2025,9,09/29,월,6,9100000011,수분 장벽 크림,PURELAB,68000,51000,25,109,5996000,
2025,9,09/29,월,7,9100000013,글로우 쿠션 파운데이션,GLOWMATE,52000,26000,50,191,5107000,
2025,9,09/29,월,8,9100000022,전기 토스터,MORNING BREW,119000,95200,20,39,3646000,
2025,9,09/30,화,1,9100000018,너리싱 헤어 마스크,BOTANIC DAY,45000,36000,20,145,4703000,
2025,9,09/30,화,2,9100000024,무선 서큘레이터,AIRNEST,189000,113400,40,55,6776000,
2025,9,09/30,화,3,9100000004,남성 테이퍼드 팬츠,NORDEN,159000,111300,30,24,3053000,
2025,9,09/30,화,4,9100000006,스포츠 트레이닝 팬츠,MOTION LAB,99000,79200,20,34,2454000,
2025,9,09/30,화,5,9100000011,수분 장벽 크림,PURELAB,68000,47600,30,128,5839000,
2025,10,10/01,수,1,9100000022,전기 토스터,MORNING BREW,119000,59500,50,93,5602000,
2025,10,10/01,수,2,9100000001,여성 캐시미어 블렌드 니트,LUMEN,189000,122800,35,32,4114000,
2025,10,10/01,수,3,9100000012,진정 세럼,PURELAB,59000,32500,45,116,4312000,
2025,10,10/01,수,4,9100000003,남성 클래식 셔츠,NORDEN,129000,116100,10,30,2957000,
2025,10,10/01,수,5,9100000016,퍼퓸 기프트 세트,SCENT ARCHIVE,198000,138600,30,59,9136000,
2025,10,10/01,수,6,9100000005,러닝 경량 자켓,MOTION LAB,149000,111800,25,35,4730000,
2025,10,10/05,일,1,9100000015,오드퍼퓸 50ML,SCENT ARCHIVE,168000,109200,35,71,6638000,
2025,10,10/05,일,2,9100000008,골프 남성 기능성 팬츠,GREEN FAIRWAY,209000,104500,50,57,5152000,
2025,10,10/05,일,3,9100000014,벨벳 립 틴트,GLOWMATE,32000,28800,10,119,3505000,
2025,10,10/05,일,4,9100000013,글로우 쿠션 파운데이션,GLOWMATE,52000,46800,10,104,5405000,
2025,10,10/05,일,5,9100000002,여성 울 블렌드 가디건,LUMEN,219000,109500,50,43,4270000,
2025,10,10/05,일,6,9100000020,세라믹 냄비 세트,HOME TABLE,249000,124500,50,39,4370000,
2025,10,10/05,일,7,9100000023,미니 공기청정기,AIRNEST,299000,269100,10,13,3622000,
2025,10,10/08,수,1,9100000014,벨벳 립 틴트,GLOWMATE,32000,17600,45,310,5559000,
2025,10,10/08,수,2,9100000010,데일리 토트백,ATELIER BAG,259000,129500,50,33,3877000,
2025,10,10/08,수,3,9100000020,세라믹 냄비 세트,HOME TABLE,249000,124500,50,33,4230000,
2025,10,10/08,수,4,9100000002,여성 울 블렌드 가디건,LUMEN,219000,120500,45,30,3635000,
2025,10,10/08,수,5,9100000017,퍼퓸 바디워시,BOTANIC DAY,39000,29200,25,123,4300000,
2025,10,10/08,수,6,9100000005,러닝 경량 자켓,MOTION LAB,149000,96800,35,58,4804000,
2025,10,10/11,토,1,9100000023,미니 공기청정기,AIRNEST,299000,149500,50,56,7682000,
2025,10,10/11,토,2,9100000015,오드퍼퓸 50ML,SCENT ARCHIVE,168000,84000,50,76,7369000,
2025,10,10/11,토,3,9100000021,드립 커피메이커,MORNING BREW,159000,79500,50,67,4786000,
2025,10,10/11,토,4,9100000012,진정 세럼,PURELAB,59000,38400,35,169,6092000,
2025,10,10/11,토,5,9100000003,남성 클래식 셔츠,NORDEN,129000,103200,20,21,2557000,
2025,10,10/13,월,1,9100000010,데일리 토트백,ATELIER BAG,259000,207200,20,27,6964000,
2025,10,10/13,월,2,9100000024,무선 서큘레이터,AIRNEST,189000,132300,30,25,3326000,
2025,10,10/13,월,3,9100000015,오드퍼퓸 50ML,SCENT ARCHIVE,168000,92400,45,56,6432000,
2025,10,10/13,월,4,9100000026,시그니처 디저트 세트,DAILY PANTRY,59000,32500,45,97,3044000,
2025,10,10/13,월,5,9100000021,드립 커피메이커,MORNING BREW,159000,87400,45,49,4428000,
2025,10,10/13,월,6,9100000006,스포츠 트레이닝 팬츠,MOTION LAB,99000,89100,10,24,2134000,
2025,10,10/13,월,7,9100000004,남성 테이퍼드 팬츠,NORDEN,159000,79500,50,42,3779000,
2025,10,10/14,화,1,9100000021,드립 커피메이커,MORNING BREW,159000,111300,30,38,5118000,
2025,10,10/14,화,2,9100000012,진정 세럼,PURELAB,59000,50200,15,84,4826000,
2025,10,10/14,화,3,9100000002,여성 울 블렌드 가디건,LUMEN,219000,153300,30,42,5965000,
2025,10,10/14,화,4,9100000005,러닝 경량 자켓,MOTION LAB,149000,74500,50,41,3079000,
2025,10,10/14,화,5,9100000022,전기 토스터,MORNING BREW,119000,77400,35,56,5136000,
2025,10,10/15,수,1,9100000013,글로우 쿠션 파운데이션,GLOWMATE,52000,41600,20,114,4152000,
2025,10,10/15,수,2,9100000003,남성 클래식 셔츠,NORDEN,129000,83800,35,48,3972000,
2025,10,10/15,수,3,9100000014,벨벳 립 틴트,GLOWMATE,32000,24000,25,152,4327000,
2025,10,10/15,수,4,9100000018,너리싱 헤어 마스크,BOTANIC DAY,45000,22500,50,216,4886000,
2025,10,10/15,수,5,9100000025,프리미엄 견과 선물세트,DAILY PANTRY,69000,48300,30,98,4147000,
2025,10,10/15,수,6,9100000010,데일리 토트백,ATELIER BAG,259000,181300,30,34,5085000,
2025,10,10/15,수,7,9100000016,퍼퓸 기프트 세트,SCENT ARCHIVE,198000,128700,35,69,8471000,
2025,10,10/16,목,1,9100000016,퍼퓸 기프트 세트,SCENT ARCHIVE,198000,178200,10,46,7281000,
2025,10,10/16,목,2,9100000006,스포츠 트레이닝 팬츠,MOTION LAB,99000,74200,25,73,4485000,
2025,10,10/16,목,3,9100000020,세라믹 냄비 세트,HOME TABLE,249000,149400,40,27,4260000,
2025,10,10/16,목,4,9100000008,골프 남성 기능성 팬츠,GREEN FAIRWAY,209000,156800,25,20,3544000,
2025,10,10/16,목,5,9100000010,데일리 토트백,ATELIER BAG,259000,181300,30,20,4434000,
2025,10,10/16,목,6,9100000007,골프 여성 카라 티셔츠,GREEN FAIRWAY,179000,125300,30,38,5101000,
2025,10,10/16,목,7,9100000001,여성 캐시미어 블렌드 니트,LUMEN,189000,170100,10,16,2926000,
2025,10,10/16,목,8,9100000004,남성 테이퍼드 팬츠,NORDEN,159000,95400,40,46,4212000,
2025,10,10/17,금,1,9100000007,골프 여성 카라 티셔츠,GREEN FAIRWAY,179000,161100,10,39,6249000,
2025,10,10/17,금,2,9100000011,수분 장벽 크림,PURELAB,68000,37400,45,235,8648000,
2025,10,10/17,금,3,9100000025,프리미엄 견과 선물세트,DAILY PANTRY,69000,44800,35,126,5004000,
2025,10,10/17,금,4,9100000022,전기 토스터,MORNING BREW,119000,107100,10,43,5062000,
2025,10,10/17,금,5,9100000016,퍼퓸 기프트 세트,SCENT ARCHIVE,198000,128700,35,49,7845000,
2025,10,10/17,금,6,9100000023,미니 공기청정기,AIRNEST,299000,194400,35,46,7715000,
2025,10,10/18,토,1,9100000009,레더 미니 숄더백,ATELIER BAG,329000,263200,20,25,6981000,
2025,10,10/18,토,2,9100000001,여성 캐시미어 블렌드 니트,LUMEN,189000,160600,15,40,5906000,
2025,10,10/18,토,3,9100000011,수분 장벽 크림,PURELAB,68000,44200,35,149,7226000,
2025,10,10/18,토,4,9100000013,글로우 쿠션 파운데이션,GLOWMATE,52000,44200,15,94,4665000,
2025,10,10/18,토,5,9100000021,드립 커피메이커,MORNING BREW,159000,87400,45,66,6291000,
2025,10,10/18,토,6,9100000018,너리싱 헤어 마스크,BOTANIC DAY,45000,22500,50,112,2981000,
2025,10,10/22,수,1,9100000026,시그니처 디저트 세트,DAILY PANTRY,59000,38400,35,176,6190000,
2025,10,10/22,수,2,9100000016,퍼퓸 기프트 세트,SCENT ARCHIVE,198000,99000,50,58,6214000,
2025,10,10/22,수,3,9100000017,퍼퓸 바디워시,BOTANIC DAY,39000,33200,15,147,4153000,
2025,10,10/22,수,4,9100000005,러닝 경량 자켓,MOTION LAB,149000,119200,20,23,3414000,
2025,10,10/22,수,5,9100000007,골프 여성 카라 티셔츠,GREEN FAIRWAY,179000,107400,40,53,5639000,
2025,10,10/23,목,1,9100000022,전기 토스터,MORNING BREW,119000,107100,10,33,3217000,
2025,10,10/23,목,2,9100000020,세라믹 냄비 세트,HOME TABLE,249000,174300,30,28,4436000,
2025,10,10/23,목,3,9100000003,남성 클래식 셔츠,NORDEN,129000,96800,25,29,3229000,
2025,10,10/23,목,4,9100000011,수분 장벽 크림,PURELAB,68000,47600,30,147,6318000,
2025,10,10/23,목,5,9100000015,오드퍼퓸 50ML,SCENT ARCHIVE,168000,142800,15,30,4961000,
2025,10,10/24,금,1,9100000007,골프 여성 카라 티셔츠,GREEN FAIRWAY,179000,143200,20,63,8044000,
2025,10,10/24,금,2,9100000018,너리싱 헤어 마스크,BOTANIC DAY,45000,33800,25,93,3386000,
2025,10,10/24,금,3,9100000012,진정 세럼,PURELAB,59000,38400,35,142,6641000,
2025,10,10/24,금,4,9100000011,수분 장벽 크림,PURELAB,68000,61200,10,97,5536000,
2025,10,10/24,금,5,9100000009,레더 미니 숄더백,ATELIER BAG,329000,279600,15,15,5085000,
2025,10,10/25,토,1,9100000020,세라믹 냄비 세트,HOME TABLE,249000,199200,20,26,4664000,
2025,10,10/25,토,2,9100000012,진정 세럼,PURELAB,59000,32500,45,125,4389000,
2025,10,10/25,토,3,9100000010,데일리 토트백,ATELIER BAG,259000,142400,45,45,5415000,
2025,10,10/25,토,4,9100000011,수분 장벽 크림,PURELAB,68000,54400,20,138,7185000,
2025,10,10/25,토,5,9100000007,골프 여성 카라 티셔츠,GREEN FAIRWAY,179000,116400,35,44,4752000,
2025,10,10/25,토,6,9100000018,너리싱 헤어 마스크,BOTANIC DAY,45000,29200,35,179,4526000,
2025,10,10/25,토,7,9100000003,남성 클래식 셔츠,NORDEN,129000,71000,45,37,3206000,
2025,10,10/25,토,8,9100000015,오드퍼퓸 50ML,SCENT ARCHIVE,168000,142800,15,33,4764000,
2025,10,10/26,일,1,9100000020,세라믹 냄비 세트,HOME TABLE,249000,161800,35,34,6552000,
2025,10,10/26,일,2,9100000019,프리미엄 프라이팬 세트,HOME TABLE,179000,125300,30,40,5156000,
2025,10,10/26,일,3,9100000005,러닝 경량 자켓,MOTION LAB,149000,89400,40,35,3502000,
2025,10,10/26,일,4,9100000017,퍼퓸 바디워시,BOTANIC DAY,39000,31200,20,134,4382000,
2025,10,10/26,일,5,9100000004,남성 테이퍼드 팬츠,NORDEN,159000,103400,35,30,2909000,
2025,10,10/26,일,6,9100000013,글로우 쿠션 파운데이션,GLOWMATE,52000,31200,40,166,5314000,
2025,10,10/26,일,7,9100000022,전기 토스터,MORNING BREW,119000,77400,35,43,3740000,
2025,10,10/27,월,1,9100000024,무선 서큘레이터,AIRNEST,189000,104000,45,37,4548000,
2025,10,10/27,월,2,9100000023,미니 공기청정기,AIRNEST,299000,164400,45,34,4663000,
2025,10,10/27,월,3,9100000019,프리미엄 프라이팬 세트,HOME TABLE,179000,152200,15,31,4442000,
2025,10,10/27,월,4,9100000016,퍼퓸 기프트 세트,SCENT ARCHIVE,198000,118800,40,50,5644000,
2025,10,10/27,월,5,9100000004,남성 테이퍼드 팬츠,NORDEN,159000,143100,10,18,2231000,
2025,10,10/30,목,1,9100000025,프리미엄 견과 선물세트,DAILY PANTRY,69000,48300,30,106,4959000,
2025,10,10/30,목,2,9100000005,러닝 경량 자켓,MOTION LAB,149000,111800,25,39,3827000,
2025,10,10/30,목,3,9100000022,전기 토스터,MORNING BREW,119000,83300,30,68,4887000,
2025,10,10/30,목,4,9100000015,오드퍼퓸 50ML,SCENT ARCHIVE,168000,117600,30,91,9085000,
2025,10,10/30,목,5,9100000018,너리싱 헤어 마스크,BOTANIC DAY,45000,29200,35,188,5316000,
2025,10,10/31,금,1,9100000005,러닝 경량 자켓,MOTION LAB,149000,96800,35,39,4088000,
2025,10,10/31,금,2,9100000010,데일리 토트백,ATELIER BAG,259000,233100,10,21,4478000,
2025,10,10/31,금,3,9100000002,여성 울 블렌드 가디건,LUMEN,219000,131400,40,55,6694000,
2025,10,10/31,금,4,9100000012,진정 세럼,PURELAB,59000,35400,40,159,5544000,
2025,10,10/31,금,5,9100000018,너리싱 헤어 마스크,BOTANIC DAY,45000,36000,20,94,3850000,
2025,10,10/31,금,6,9100000024,무선 서큘레이터,AIRNEST,189000,113400,40,52,6271000,
2025,10,10/31,금,7,9100000001,여성 캐시미어 블렌드 니트,LUMEN,189000,113400,40,37,3543000,
2025,10,10/31,금,8,9100000022,전기 토스터,MORNING BREW,119000,95200,20,25,2914000,
2025,11,11/01,토,1,9100000022,전기 토스터,MORNING BREW,119000,71400,40,86,6239000,
2025,11,11/01,토,2,9100000014,벨벳 립 틴트,GLOWMATE,32000,19200,40,273,5339000,
2025,11,11/01,토,3,9100000005,러닝 경량 자켓,MOTION LAB,149000,96800,35,46,4594000,
2025,11,11/01,토,4,9100000003,남성 클래식 셔츠,NORDEN,129000,116100,10,39,4008000,
2025,11,11/01,토,5,9100000024,무선 서큘레이터,AIRNEST,189000,141800,25,41,6443000,
2025,11,11/01,토,6,9100000021,드립 커피메이커,MORNING BREW,159000,79500,50,60,5818000,
2025,11,11/01,토,7,9100000025,프리미엄 견과 선물세트,DAILY PANTRY,69000,62100,10,79,4518000,
2025,11,11/01,토,8,9100000015,오드퍼퓸 50ML,SCENT ARCHIVE,168000,142800,15,55,6626000,
2025,11,11/02,일,1,9100000015,오드퍼퓸 50ML,SCENT ARCHIVE,168000,92400,45,104,8984000,
2025,11,11/02,일,2,9100000017,퍼퓸 바디워시,BOTANIC DAY,39000,33200,15,134,4366000,
2025,11,11/02,일,3,9100000003,남성 클래식 셔츠,NORDEN,129000,90300,30,57,4459000,
2025,11,11/02,일,4,9100000025,프리미엄 견과 선물세트,DAILY PANTRY,69000,34500,50,157,5493000,
2025,11,11/02,일,5,9100000020,세라믹 냄비 세트,HOME TABLE,249000,124500,50,61,7416000,
2025,11,11/02,일,6,9100000024,무선 서큘레이터,AIRNEST,189000,122800,35,48,4965000,
2025,11,11/02,일,7,9100000008,골프 남성 기능성 팬츠,GREEN FAIRWAY,209000,146300,30,26,4635000,
2025,11,11/06,목,1,9100000021,드립 커피메이커,MORNING BREW,159000,111300,30,86,9095000,
2025,11,11/06,목,2,9100000016,퍼퓸 기프트 세트,SCENT ARCHIVE,198000,138600,30,58,9456000,
2025,11,11/06,목,3,9100000019,프리미엄 프라이팬 세트,HOME TABLE,179000,152200,15,42,6956000,
2025,11,11/06,목,4,9100000006,스포츠 트레이닝 팬츠,MOTION LAB,99000,79200,20,50,4386000,
2025,11,11/06,목,5,9100000002,여성 울 블렌드 가디건,LUMEN,219000,153300,30,24,4351000,
2025,11,11/07,금,1,9100000022,전기 토스터,MORNING BREW,119000,65500,45,73,4757000,
2025,11,11/07,금,2,9100000015,오드퍼퓸 50ML,SCENT ARCHIVE,168000,151200,10,40,7279000,
2025,11,11/07,금,3,9100000012,진정 세럼,PURELAB,59000,47200,20,184,7690000,
2025,11,11/07,금,4,9100000006,스포츠 트레이닝 팬츠,MOTION LAB,99000,54500,45,91,5140000,
2025,11,11/07,금,5,9100000009,레더 미니 숄더백,ATELIER BAG,329000,197400,40,29,5939000,
2025,11,11/07,금,6,9100000008,골프 남성 기능성 팬츠,GREEN FAIRWAY,209000,167200,20,32,4942000,
2025,11,11/08,토,1,9100000025,프리미엄 견과 선물세트,DAILY PANTRY,69000,48300,30,149,6118000,
2025,11,11/08,토,2,9100000004,남성 테이퍼드 팬츠,NORDEN,159000,79500,50,53,3958000,
2025,11,11/08,토,3,9100000002,여성 울 블렌드 가디건,LUMEN,219000,131400,40,44,6687000,
2025,11,11/08,토,4,9100000006,스포츠 트레이닝 팬츠,MOTION LAB,99000,59400,40,53,2696000,
2025,11,11/08,토,5,9100000015,오드퍼퓸 50ML,SCENT ARCHIVE,168000,92400,45,70,6978000,
2025,11,11/08,토,6,9100000013,글로우 쿠션 파운데이션,GLOWMATE,52000,26000,50,191,6094000,
2025,11,11/08,토,7,9100000016,퍼퓸 기프트 세트,SCENT ARCHIVE,198000,99000,50,94,7902000,
2025,11,11/09,일,1,9100000011,수분 장벽 크림,PURELAB,68000,40800,40,185,7041000,
2025,11,11/09,일,2,9100000009,레더 미니 숄더백,ATELIER BAG,329000,246800,25,33,7920000,
2025,11,11/09,일,3,9100000025,프리미엄 견과 선물세트,DAILY PANTRY,69000,51800,25,103,4986000,
2025,11,11/09,일,4,9100000004,남성 테이퍼드 팬츠,NORDEN,159000,127200,20,23,3691000,
2025,11,11/09,일,5,9100000024,무선 서큘레이터,AIRNEST,189000,170100,10,28,5838000,
2025,11,11/09,일,6,9100000021,드립 커피메이커,MORNING BREW,159000,135200,15,39,4887000,
2025,11,11/09,일,7,9100000019,프리미엄 프라이팬 세트,HOME TABLE,179000,116400,35,31,3997000,
2025,11,11/10,월,1,9100000020,세라믹 냄비 세트,HOME TABLE,249000,211600,15,29,7292000,
2025,11,11/10,월,2,9100000003,남성 클래식 셔츠,NORDEN,129000,103200,20,39,3627000,
2025,11,11/10,월,3,9100000002,여성 울 블렌드 가디건,LUMEN,219000,175200,20,47,7568000,
2025,11,11/10,월,4,9100000022,전기 토스터,MORNING BREW,119000,83300,30,51,3978000,
2025,11,11/10,월,5,9100000007,골프 여성 카라 티셔츠,GREEN FAIRWAY,179000,152200,15,40,5206000,
2025,11,11/11,화,1,9100000023,미니 공기청정기,AIRNEST,299000,179400,40,48,7213000,
2025,11,11/11,화,2,9100000022,전기 토스터,MORNING BREW,119000,83300,30,75,6890000,
2025,11,11/11,화,3,9100000011,수분 장벽 크림,PURELAB,68000,37400,45,150,4717000,
2025,11,11/11,화,4,9100000009,레더 미니 숄더백,ATELIER BAG,329000,246800,25,24,6937000,
2025,11,11/11,화,5,9100000006,스포츠 트레이닝 팬츠,MOTION LAB,99000,54500,45,50,2665000,
2025,11,11/11,화,6,9100000003,남성 클래식 셔츠,NORDEN,129000,77400,40,40,2953000,
2025,11,11/11,화,7,9100000026,시그니처 디저트 세트,DAILY PANTRY,59000,32500,45,123,4760000,
2025,11,11/11,화,8,9100000002,여성 울 블렌드 가디건,LUMEN,219000,186200,15,20,3389000,
2025,11,11/13,목,1,9100000005,러닝 경량 자켓,MOTION LAB,149000,96800,35,87,8136000,
2025,11,11/13,목,2,9100000021,드립 커피메이커,MORNING BREW,159000,79500,50,104,7464000,
2025,11,11/13,목,3,9100000025,프리미엄 견과 선물세트,DAILY PANTRY,69000,38000,45,161,5385000,
2025,11,11/13,목,4,9100000001,여성 캐시미어 블렌드 니트,LUMEN,189000,160600,15,27,5394000,
2025,11,11/13,목,5,9100000002,여성 울 블렌드 가디건,LUMEN,219000,120500,45,40,4714000,
2025,11,11/13,목,6,9100000013,글로우 쿠션 파운데이션,GLOWMATE,52000,33800,35,144,5293000,
2025,11,11/13,목,7,9100000009,레더 미니 숄더백,ATELIER BAG,329000,296100,10,26,6402000,
2025,11,11/13,목,8,9100000026,시그니처 디저트 세트,DAILY PANTRY,59000,50200,15,82,3594000,
2025,11,11/14,금,1,9100000025,프리미엄 견과 선물세트,DAILY PANTRY,69000,41400,40,160,7184000,
2025,11,11/14,금,2,9100000026,시그니처 디저트 세트,DAILY PANTRY,59000,35400,40,215,7221000,
2025,11,11/14,금,3,9100000010,데일리 토트백,ATELIER BAG,259000,168400,35,49,7085000,
2025,11,11/14,금,4,9100000021,드립 커피메이커,MORNING BREW,159000,87400,45,76,7800000,
2025,11,11/14,금,5,9100000007,골프 여성 카라 티셔츠,GREEN FAIRWAY,179000,134200,25,36,4086000,
2025,11,11/14,금,6,9100000006,스포츠 트레이닝 팬츠,MOTION LAB,99000,74200,25,44,3925000,
2025,11,11/14,금,7,9100000018,너리싱 헤어 마스크,BOTANIC DAY,45000,22500,50,206,4640000,
2025,11,11/14,금,8,9100000002,여성 울 블렌드 가디건,LUMEN,219000,120500,45,55,8180000,
2025,11,11/15,토,1,9100000026,시그니처 디저트 세트,DAILY PANTRY,59000,32500,45,258,7309000,
2025,11,11/15,토,2,9100000024,무선 서큘레이터,AIRNEST,189000,94500,50,50,4614000,
2025,11,11/15,토,3,9100000002,여성 울 블렌드 가디건,LUMEN,219000,186200,15,19,4133000,
2025,11,11/15,토,4,9100000013,글로우 쿠션 파운데이션,GLOWMATE,52000,46800,10,135,5405000,
2025,11,11/15,토,5,9100000004,남성 테이퍼드 팬츠,NORDEN,159000,143100,10,25,3380000,
2025,11,11/15,토,6,9100000007,골프 여성 카라 티셔츠,GREEN FAIRWAY,179000,161100,10,20,3959000,
2025,11,11/15,토,7,9100000017,퍼퓸 바디워시,BOTANIC DAY,39000,27300,30,152,4958000,
2025,11,11/16,일,1,9100000004,남성 테이퍼드 팬츠,NORDEN,159000,135200,15,39,5412000,
2025,11,11/16,일,2,9100000016,퍼퓸 기프트 세트,SCENT ARCHIVE,198000,118800,40,73,7317000,
2025,11,11/16,일,3,9100000020,세라믹 냄비 세트,HOME TABLE,249000,124500,50,42,4661000,
2025,11,11/16,일,4,9100000026,시그니처 디저트 세트,DAILY PANTRY,59000,44200,25,121,5175000,
2025,11,11/16,일,5,9100000008,골프 남성 기능성 팬츠,GREEN FAIRWAY,209000,135800,35,27,4021000,
2025,11,11/18,화,1,9100000018,너리싱 헤어 마스크,BOTANIC DAY,45000,38200,15,147,5325000,
2025,11,11/18,화,2,9100000006,스포츠 트레이닝 팬츠,MOTION LAB,99000,59400,40,67,4922000,
2025,11,11/18,화,3,9100000015,오드퍼퓸 50ML,SCENT ARCHIVE,168000,92400,45,47,5425000,
2025,11,11/18,화,4,9100000008,골프 남성 기능성 팬츠,GREEN FAIRWAY,209000,177600,15,36,6156000,
2025,11,11/18,화,5,9100000019,프리미엄 프라이팬 세트,HOME TABLE,179000,125300,30,46,5092000,
2025,11,11/18,화,6,9100000002,여성 울 블렌드 가디건,LUMEN,219000,120500,45,47,6462000,
2025,11,11/18,화,7,9100000005,러닝 경량 자켓,MOTION LAB,149000,104300,30,43,4680000,
2025,11,11/20,목,1,9100000020,세라믹 냄비 세트,HOME TABLE,249000,174300,30,34,7408000,
2025,11,11/20,목,2,9100000006,스포츠 트레이닝 팬츠,MOTION LAB,99000,74200,25,55,3431000,
2025,11,11/20,목,3,9100000023,미니 공기청정기,AIRNEST,299000,254200,15,34,7594000,
2025,11,11/20,목,4,9100000016,퍼퓸 기프트 세트,SCENT ARCHIVE,198000,99000,50,82,8187000,
2025,11,11/20,목,5,9100000003,남성 클래식 셔츠,NORDEN,129000,96800,25,31,3397000,
2025,11,11/22,토,1,9100000016,퍼퓸 기프트 세트,SCENT ARCHIVE,198000,148500,25,56,8929000,
2025,11,11/22,토,2,9100000006,스포츠 트레이닝 팬츠,MOTION LAB,99000,54500,45,60,3004000,
2025,11,11/22,토,3,9100000025,프리미엄 견과 선물세트,DAILY PANTRY,69000,34500,50,130,4039000,
2025,11,11/22,토,4,9100000022,전기 토스터,MORNING BREW,119000,65500,45,65,5103000,
2025,11,11/22,토,5,9100000002,여성 울 블렌드 가디건,LUMEN,219000,164200,25,45,7068000,
2025,11,11/22,토,6,9100000023,미니 공기청정기,AIRNEST,299000,194400,35,38,6656000,
2025,11,11/22,토,7,9100000012,진정 세럼,PURELAB,59000,38400,35,111,5028000,
2025,11,11/22,토,8,9100000010,데일리 토트백,ATELIER BAG,259000,194200,25,22,3871000,
2025,11,11/24,월,1,9100000003,남성 클래식 셔츠,NORDEN,129000,103200,20,34,3356000,
2025,11,11/24,월,2,9100000016,퍼퓸 기프트 세트,SCENT ARCHIVE,198000,158400,20,39,7317000,
2025,11,11/24,월,3,9100000019,프리미엄 프라이팬 세트,HOME TABLE,179000,134200,25,51,5799000,
2025,11,11/24,월,4,9100000025,프리미엄 견과 선물세트,DAILY PANTRY,69000,51800,25,64,4101000,
2025,11,11/24,월,5,9100000002,여성 울 블렌드 가디건,LUMEN,219000,197100,10,18,4284000,
2025,11,11/24,월,6,9100000014,벨벳 립 틴트,GLOWMATE,32000,17600,45,191,3868000,
2025,11,11/25,화,1,9100000020,세라믹 냄비 세트,HOME TABLE,249000,186800,25,31,5104000,
2025,11,11/25,화,2,9100000006,스포츠 트레이닝 팬츠,MOTION LAB,99000,54500,45,84,5166000,
2025,11,11/25,화,3,9100000021,드립 커피메이커,MORNING BREW,159000,87400,45,79,7526000,
2025,11,11/25,화,4,9100000026,시그니처 디저트 세트,DAILY PANTRY,59000,35400,40,136,5344000,
2025,11,11/25,화,5,9100000025,프리미엄 견과 선물세트,DAILY PANTRY,69000,44800,35,93,4680000,
2025,11,11/25,화,6,9100000019,프리미엄 프라이팬 세트,HOME TABLE,179000,143200,20,52,6397000,
2025,11,11/25,화,7,9100000018,너리싱 헤어 마스크,BOTANIC DAY,45000,27000,40,158,5220000,
2025,11,11/26,수,1,9100000014,벨벳 립 틴트,GLOWMATE,32000,27200,15,152,4627000,
2025,11,11/26,수,2,9100000017,퍼퓸 바디워시,BOTANIC DAY,39000,19500,50,284,5137000,
2025,11,11/26,수,3,9100000013,글로우 쿠션 파운데이션,GLOWMATE,52000,31200,40,225,8233000,
2025,11,11/26,수,4,9100000016,퍼퓸 기프트 세트,SCENT ARCHIVE,198000,138600,30,60,6973000,
2025,11,11/26,수,5,9100000026,시그니처 디저트 세트,DAILY PANTRY,59000,53100,10,71,4100000,
2025,11,11/30,일,1,9100000015,오드퍼퓸 50ML,SCENT ARCHIVE,168000,151200,10,51,9258000,
2025,11,11/30,일,2,9100000025,프리미엄 견과 선물세트,DAILY PANTRY,69000,44800,35,113,5511000,
2025,11,11/30,일,3,9100000005,러닝 경량 자켓,MOTION LAB,149000,104300,30,59,5919000,
2025,11,11/30,일,4,9100000023,미니 공기청정기,AIRNEST,299000,224200,25,29,7871000,
2025,11,11/30,일,5,9100000013,글로우 쿠션 파운데이션,GLOWMATE,52000,33800,35,157,6460000,
2025,11,11/30,일,6,9100000006,스포츠 트레이닝 팬츠,MOTION LAB,99000,64400,35,60,4557000,
2025,11,11/30,일,7,9100000012,진정 세럼,PURELAB,59000,38400,35,118,5531000,
2025,11,11/30,일,8,9100000026,시그니처 디저트 세트,DAILY PANTRY,59000,38400,35,84,3148000,
2025,12,12/01,월,1,9100000005,러닝 경량 자켓,MOTION LAB,149000,82000,45,85,6320000,
2025,12,12/01,월,2,9100000011,수분 장벽 크림,PURELAB,68000,51000,25,167,7692000,
2025,12,12/01,월,3,9100000008,골프 남성 기능성 팬츠,GREEN FAIRWAY,209000,135800,35,37,5501000,
2025,12,12/01,월,4,9100000018,너리싱 헤어 마스크,BOTANIC DAY,45000,27000,40,107,3506000,
2025,12,12/01,월,5,9100000004,남성 테이퍼드 팬츠,NORDEN,159000,103400,35,40,4082000,
2025,12,12/01,월,6,9100000021,드립 커피메이커,MORNING BREW,159000,135200,15,34,4604000,
2025,12,12/04,목,1,9100000026,시그니처 디저트 세트,DAILY PANTRY,59000,50200,15,82,4723000,
2025,12,12/04,목,2,9100000022,전기 토스터,MORNING BREW,119000,101200,15,33,3622000,
2025,12,12/04,목,3,9100000023,미니 공기청정기,AIRNEST,299000,239200,20,36,7569000,
2025,12,12/04,목,4,9100000003,남성 클래식 셔츠,NORDEN,129000,64500,50,67,5361000,
2025,12,12/04,목,5,9100000007,골프 여성 카라 티셔츠,GREEN FAIRWAY,179000,107400,40,76,7990000,
2025,12,12/04,목,6,9100000015,오드퍼퓸 50ML,SCENT ARCHIVE,168000,134400,20,52,7171000,
2025,12,12/04,목,7,9100000024,무선 서큘레이터,AIRNEST,189000,170100,10,21,4234000,
2025,12,12/06,토,1,9100000014,벨벳 립 틴트,GLOWMATE,32000,16000,50,389,6359000,
2025,12,12/06,토,2,9100000019,프리미엄 프라이팬 세트,HOME TABLE,179000,125300,30,63,6811000,
2025,12,12/06,토,3,9100000011,수분 장벽 크림,PURELAB,68000,47600,30,109,5726000,
2025,12,12/06,토,4,9100000021,드립 커피메이커,MORNING BREW,159000,87400,45,60,5715000,
2025,12,12/06,토,5,9100000023,미니 공기청정기,AIRNEST,299000,269100,10,16,4794000,
2025,12,12/06,토,6,9100000024,무선 서큘레이터,AIRNEST,189000,151200,20,34,5890000,
2025,12,12/06,토,7,9100000016,퍼퓸 기프트 세트,SCENT ARCHIVE,198000,99000,50,74,6125000,
2025,12,12/08,월,1,9100000006,스포츠 트레이닝 팬츠,MOTION LAB,99000,79200,20,46,3885000,
2025,12,12/08,월,2,9100000008,골프 남성 기능성 팬츠,GREEN FAIRWAY,209000,156800,25,33,6285000,
2025,12,12/08,월,3,9100000004,남성 테이퍼드 팬츠,NORDEN,159000,103400,35,51,6096000,
2025,12,12/08,월,4,9100000002,여성 울 블렌드 가디건,LUMEN,219000,120500,45,43,6029000,
2025,12,12/08,월,5,9100000011,수분 장벽 크림,PURELAB,68000,47600,30,77,4523000,
2025,12,12/08,월,6,9100000019,프리미엄 프라이팬 세트,HOME TABLE,179000,98500,45,70,5813000,
2025,12,12/10,수,1,9100000021,드립 커피메이커,MORNING BREW,159000,87400,45,60,6213000,
2025,12,12/10,수,2,9100000023,미니 공기청정기,AIRNEST,299000,164400,45,52,9981000,
2025,12,12/10,수,3,9100000010,데일리 토트백,ATELIER BAG,259000,129500,50,28,4424000,
2025,12,12/10,수,4,9100000016,퍼퓸 기프트 세트,SCENT ARCHIVE,198000,148500,25,44,7765000,
2025,12,12/10,수,5,9100000024,무선 서큘레이터,AIRNEST,189000,170100,10,28,5468000,
2025,12,12/10,수,6,9100000019,프리미엄 프라이팬 세트,HOME TABLE,179000,89500,50,54,4079000,
2025,12,12/10,수,7,9100000005,러닝 경량 자켓,MOTION LAB,149000,104300,30,30,3810000,
2025,12,12/12,금,1,9100000017,퍼퓸 바디워시,BOTANIC DAY,39000,19500,50,391,6557000,
2025,12,12/12,금,2,9100000013,글로우 쿠션 파운데이션,GLOWMATE,52000,33800,35,217,6741000,
2025,12,12/12,금,3,9100000007,골프 여성 카라 티셔츠,GREEN FAIRWAY,179000,107400,40,55,6187000,
2025,12,12/12,금,4,9100000016,퍼퓸 기프트 세트,SCENT ARCHIVE,198000,138600,30,55,8270000,
2025,12,12/12,금,5,9100000011,수분 장벽 크림,PURELAB,68000,37400,45,201,9003000,
2025,12,12/14,일,1,9100000026,시그니처 디저트 세트,DAILY PANTRY,59000,50200,15,63,3444000,
2025,12,12/14,일,2,9100000015,오드퍼퓸 50ML,SCENT ARCHIVE,168000,84000,50,97,9883000,
2025,12,12/14,일,3,9100000010,데일리 토트백,ATELIER BAG,259000,155400,40,26,4247000,
2025,12,12/14,일,4,9100000006,스포츠 트레이닝 팬츠,MOTION LAB,99000,69300,30,53,3617000,
2025,12,12/14,일,5,9100000014,벨벳 립 틴트,GLOWMATE,32000,25600,20,143,3221000,
2025,12,12/14,일,6,9100000022,전기 토스터,MORNING BREW,119000,83300,30,45,4586000,
2025,12,12/14,일,7,9100000005,러닝 경량 자켓,MOTION LAB,149000,104300,30,49,5568000,
2025,12,12/14,일,8,9100000019,프리미엄 프라이팬 세트,HOME TABLE,179000,89500,50,52,5222000,
2025,12,12/16,화,1,9100000021,드립 커피메이커,MORNING BREW,159000,127200,20,54,6442000,
2025,12,12/16,화,2,9100000026,시그니처 디저트 세트,DAILY PANTRY,59000,44200,25,81,3221000,
2025,12,12/16,화,3,9100000016,퍼퓸 기프트 세트,SCENT ARCHIVE,198000,108900,45,84,11048000,
2025,12,12/16,화,4,9100000004,남성 테이퍼드 팬츠,NORDEN,159000,103400,35,48,4843000,
2025,12,12/16,화,5,9100000025,프리미엄 견과 선물세트,DAILY PANTRY,69000,48300,30,110,5345000,
2025,12,12/16,화,6,9100000010,데일리 토트백,ATELIER BAG,259000,220200,15,22,4467000,
2025,12,12/16,화,7,9100000014,벨벳 립 틴트,GLOWMATE,32000,28800,10,135,4485000,
2025,12,12/17,수,1,9100000015,오드퍼퓸 50ML,SCENT ARCHIVE,168000,109200,35,91,8565000,
2025,12,12/17,수,2,9100000023,미니 공기청정기,AIRNEST,299000,194400,35,26,5482000,
2025,12,12/17,수,3,9100000005,러닝 경량 자켓,MOTION LAB,149000,126600,15,43,4921000,
2025,12,12/17,수,4,9100000012,진정 세럼,PURELAB,59000,47200,20,166,7560000,
2025,12,12/17,수,5,9100000006,스포츠 트레이닝 팬츠,MOTION LAB,99000,79200,20,56,3867000,
2025,12,12/17,수,6,9100000002,여성 울 블렌드 가디건,LUMEN,219000,153300,30,36,5168000,
2025,12,12/17,수,7,9100000009,레더 미니 숄더백,ATELIER BAG,329000,213800,35,22,4628000,
2025,12,12/19,금,1,9100000012,진정 세럼,PURELAB,59000,44200,25,120,5980000,
2025,12,12/19,금,2,9100000025,프리미엄 견과 선물세트,DAILY PANTRY,69000,51800,25,142,7183000,
2025,12,12/19,금,3,9100000016,퍼퓸 기프트 세트,SCENT ARCHIVE,198000,99000,50,121,11005000,
2025,12,12/19,금,4,9100000014,벨벳 립 틴트,GLOWMATE,32000,27200,15,185,4312000,
2025,12,12/19,금,5,9100000011,수분 장벽 크림,PURELAB,68000,57800,15,159,7837000,
2025,12,12/19,금,6,9100000006,스포츠 트레이닝 팬츠,MOTION LAB,99000,54500,45,72,3636000,
2025,12,12/19,금,7,9100000004,남성 테이퍼드 팬츠,NORDEN,159000,127200,20,50,5460000,
2025,12,12/20,토,1,9100000006,스포츠 트레이닝 팬츠,MOTION LAB,99000,79200,20,60,5123000,
2025,12,12/20,토,2,9100000023,미니 공기청정기,AIRNEST,299000,224200,25,21,5727000,
2025,12,12/20,토,3,9100000010,데일리 토트백,ATELIER BAG,259000,220200,15,21,4128000,
2025,12,12/20,토,4,9100000001,여성 캐시미어 블렌드 니트,LUMEN,189000,113400,40,29,3897000,
2025,12,12/20,토,5,9100000004,남성 테이퍼드 팬츠,NORDEN,159000,79500,50,57,4617000,
2025,12,12/20,토,6,9100000008,골프 남성 기능성 팬츠,GREEN FAIRWAY,209000,146300,30,26,4177000,
2025,12,12/20,토,7,9100000005,러닝 경량 자켓,MOTION LAB,149000,134100,10,42,5081000,
2025,12,12/22,월,1,9100000006,스포츠 트레이닝 팬츠,MOTION LAB,99000,69300,30,76,5631000,
2025,12,12/22,월,2,9100000022,전기 토스터,MORNING BREW,119000,95200,20,69,5919000,
2025,12,12/22,월,3,9100000012,진정 세럼,PURELAB,59000,44200,25,114,6070000,
2025,12,12/22,월,4,9100000001,여성 캐시미어 블렌드 니트,LUMEN,189000,170100,10,30,4702000,
2025,12,12/22,월,5,9100000003,남성 클래식 셔츠,NORDEN,129000,90300,30,35,2881000,
2025,12,12/22,월,6,9100000005,러닝 경량 자켓,MOTION LAB,149000,134100,10,33,5308000,
2025,12,12/23,화,1,9100000012,진정 세럼,PURELAB,59000,35400,40,191,6722000,
2025,12,12/23,화,2,9100000023,미니 공기청정기,AIRNEST,299000,179400,40,36,5408000,
2025,12,12/23,화,3,9100000019,프리미엄 프라이팬 세트,HOME TABLE,179000,152200,15,33,4991000,
2025,12,12/23,화,4,9100000006,스포츠 트레이닝 팬츠,MOTION LAB,99000,54500,45,90,4523000,
2025,12,12/23,화,5,9100000015,오드퍼퓸 50ML,SCENT ARCHIVE,168000,84000,50,77,7747000,
2025,12,12/23,화,6,9100000004,남성 테이퍼드 팬츠,NORDEN,159000,87400,45,32,3036000,
2025,12,12/23,화,7,9100000025,프리미엄 견과 선물세트,DAILY PANTRY,69000,48300,30,123,5209000,
2025,12,12/23,화,8,9100000026,시그니처 디저트 세트,DAILY PANTRY,59000,44200,25,85,4083000,
2025,12,12/25,목,1,9100000026,시그니처 디저트 세트,DAILY PANTRY,59000,53100,10,130,6900000,
2025,12,12/25,목,2,9100000016,퍼퓸 기프트 세트,SCENT ARCHIVE,198000,168300,15,46,7747000,
2025,12,12/25,목,3,9100000022,전기 토스터,MORNING BREW,119000,101200,15,33,3523000,
2025,12,12/25,목,4,9100000012,진정 세럼,PURELAB,59000,50200,15,165,7156000,
2025,12,12/25,목,5,9100000006,스포츠 트레이닝 팬츠,MOTION LAB,99000,79200,20,41,2710000,
2025,12,12/26,금,1,9100000004,남성 테이퍼드 팬츠,NORDEN,159000,95400,40,58,5211000,
2025,12,12/26,금,2,9100000008,골프 남성 기능성 팬츠,GREEN FAIRWAY,209000,125400,40,79,9898000,
2025,12,12/26,금,3,9100000014,벨벳 립 틴트,GLOWMATE,32000,25600,20,201,6114000,
2025,12,12/26,금,4,9100000016,퍼퓸 기프트 세트,SCENT ARCHIVE,198000,138600,30,59,9208000,
2025,12,12/26,금,5,9100000009,레더 미니 숄더백,ATELIER BAG,329000,263200,20,20,4744000,
2025,12,12/26,금,6,9100000019,프리미엄 프라이팬 세트,HOME TABLE,179000,152200,15,28,5230000,
2025,12,12/26,금,7,9100000021,드립 커피메이커,MORNING BREW,159000,127200,20,45,5390000,
2025,12,12/26,금,8,9100000022,전기 토스터,MORNING BREW,119000,95200,20,44,3983000,
2025,12,12/28,일,1,9100000026,시그니처 디저트 세트,DAILY PANTRY,59000,41300,30,147,5407000,
2025,12,12/28,일,2,9100000015,오드퍼퓸 50ML,SCENT ARCHIVE,168000,84000,50,107,7612000,
2025,12,12/28,일,3,9100000007,골프 여성 카라 티셔츠,GREEN FAIRWAY,179000,161100,10,50,7042000,
2025,12,12/28,일,4,9100000010,데일리 토트백,ATELIER BAG,259000,220200,15,20,4736000,
2025,12,12/28,일,5,9100000022,전기 토스터,MORNING BREW,119000,71400,40,49,4258000,
2025,12,12/28,일,6,9100000016,퍼퓸 기프트 세트,SCENT ARCHIVE,198000,158400,20,53,7284000,
2025,12,12/28,일,7,9100000021,드립 커피메이커,MORNING BREW,159000,111300,30,53,6754000,
2025,12,12/28,일,8,9100000017,퍼퓸 바디워시,BOTANIC DAY,39000,23400,40,122,2622000,
2025,12,12/29,월,1,9100000019,프리미엄 프라이팬 세트,HOME TABLE,179000,89500,50,39,3888000,
2025,12,12/29,월,2,9100000022,전기 토스터,MORNING BREW,119000,71400,40,70,5275000,
2025,12,12/29,월,3,9100000016,퍼퓸 기프트 세트,SCENT ARCHIVE,198000,138600,30,41,7075000,
2025,12,12/29,월,4,9100000018,너리싱 헤어 마스크,BOTANIC DAY,45000,40500,10,65,2760000,
2025,12,12/29,월,5,9100000006,스포츠 트레이닝 팬츠,MOTION LAB,99000,89100,10,44,3750000,
2025,12,12/30,화,1,9100000012,진정 세럼,PURELAB,59000,41300,30,219,7769000,
2025,12,12/30,화,2,9100000026,시그니처 디저트 세트,DAILY PANTRY,59000,50200,15,94,5589000,
2025,12,12/30,화,3,9100000014,벨벳 립 틴트,GLOWMATE,32000,25600,20,109,2990000,
2025,12,12/30,화,4,9100000025,프리미엄 견과 선물세트,DAILY PANTRY,69000,38000,45,141,5517000,
2025,12,12/30,화,5,9100000002,여성 울 블렌드 가디건,LUMEN,219000,109500,50,59,7108000,
2025,12,12/30,화,6,9100000008,골프 남성 기능성 팬츠,GREEN FAIRWAY,209000,115000,45,61,5920000,
2025,12,12/30,화,7,9100000021,드립 커피메이커,MORNING BREW,159000,95400,40,54,5546000,
2025,12,12/30,화,8,9100000020,세라믹 냄비 세트,HOME TABLE,249000,211600,15,25,6260000,
2025,12,12/31,수,1,9100000016,퍼퓸 기프트 세트,SCENT ARCHIVE,198000,128700,35,88,12891000,
2025,12,12/31,수,2,9100000017,퍼퓸 바디워시,BOTANIC DAY,39000,33200,15,157,5139000,
2025,12,12/31,수,3,9100000022,전기 토스터,MORNING BREW,119000,83300,30,49,4421000,
2025,12,12/31,수,4,9100000011,수분 장벽 크림,PURELAB,68000,40800,40,213,8284000,
2025,12,12/31,수,5,9100000006,스포츠 트레이닝 팬츠,MOTION LAB,99000,84200,15,49,3994000,
2025,12,12/31,수,6,9100000020,세라믹 냄비 세트,HOME TABLE,249000,161800,35,35,5499000,
2025,12,12/31,수,7,9100000010,데일리 토트백,ATELIER BAG,259000,129500,50,35,5156000,
2026,1,01/02,금,1,9100000017,퍼퓸 바디워시,BOTANIC DAY,39000,23400,40,176,3932000,
2026,1,01/02,금,2,9100000010,데일리 토트백,ATELIER BAG,259000,142400,45,46,6444000,
2026,1,01/02,금,3,9100000014,벨벳 립 틴트,GLOWMATE,32000,28800,10,144,4128000,
2026,1,01/02,금,4,9100000022,전기 토스터,MORNING BREW,119000,95200,20,41,4396000,
2026,1,01/02,금,5,9100000018,너리싱 헤어 마스크,BOTANIC DAY,45000,24800,45,135,3173000,
2026,1,01/02,금,6,9100000011,수분 장벽 크림,PURELAB,68000,40800,40,192,7185000,
2026,1,01/02,금,7,9100000007,골프 여성 카라 티셔츠,GREEN FAIRWAY,179000,161100,10,25,4294000,
2026,1,01/03,토,1,9100000024,무선 서큘레이터,AIRNEST,189000,160600,15,38,5345000,
2026,1,01/03,토,2,9100000022,전기 토스터,MORNING BREW,119000,83300,30,69,5469000,
2026,1,01/03,토,3,9100000010,데일리 토트백,ATELIER BAG,259000,181300,30,30,6041000,
2026,1,01/03,토,4,9100000014,벨벳 립 틴트,GLOWMATE,32000,24000,25,99,2699000,
2026,1,01/03,토,5,9100000023,미니 공기청정기,AIRNEST,299000,224200,25,27,6625000,
2026,1,01/03,토,6,9100000011,수분 장벽 크림,PURELAB,68000,37400,45,140,5381000,
2026,1,01/04,일,1,9100000007,골프 여성 카라 티셔츠,GREEN FAIRWAY,179000,125300,30,46,6289000,
2026,1,01/04,일,2,9100000006,스포츠 트레이닝 팬츠,MOTION LAB,99000,49500,50,54,2349000,
2026,1,01/04,일,3,9100000009,레더 미니 숄더백,ATELIER BAG,329000,181000,45,29,6433000,
2026,1,01/04,일,4,9100000005,러닝 경량 자켓,MOTION LAB,149000,126600,15,22,3028000,
2026,1,01/04,일,5,9100000001,여성 캐시미어 블렌드 니트,LUMEN,189000,160600,15,28,4613000,
2026,1,01/05,월,1,9100000013,글로우 쿠션 파운데이션,GLOWMATE,52000,26000,50,238,6130000,
2026,1,01/05,월,2,9100000024,무선 서큘레이터,AIRNEST,189000,94500,50,44,3604000,
2026,1,01/05,월,3,9100000005,러닝 경량 자켓,MOTION LAB,149000,111800,25,41,4103000,
2026,1,01/05,월,4,9100000008,골프 남성 기능성 팬츠,GREEN FAIRWAY,209000,135800,35,32,4140000,
2026,1,01/05,월,5,9100000004,남성 테이퍼드 팬츠,NORDEN,159000,95400,40,46,3974000,
2026,1,01/07,수,1,9100000006,스포츠 트레이닝 팬츠,MOTION LAB,99000,69300,30,56,4690000,
2026,1,01/07,수,2,9100000007,골프 여성 카라 티셔츠,GREEN FAIRWAY,179000,89500,50,59,4460000,
2026,1,01/07,수,3,9100000009,레더 미니 숄더백,ATELIER BAG,329000,213800,35,28,6113000,
2026,1,01/07,수,4,9100000015,오드퍼퓸 50ML,SCENT ARCHIVE,168000,126000,25,73,7965000,
2026,1,01/07,수,5,9100000014,벨벳 립 틴트,GLOWMATE,32000,25600,20,134,3153000,
2026,1,01/09,금,1,9100000024,무선 서큘레이터,AIRNEST,189000,141800,25,31,4667000,
2026,1,01/09,금,2,9100000022,전기 토스터,MORNING BREW,119000,77400,35,85,6098000,
2026,1,01/09,금,3,9100000026,시그니처 디저트 세트,DAILY PANTRY,59000,29500,50,200,5150000,
2026,1,01/09,금,4,9100000002,여성 울 블렌드 가디건,LUMEN,219000,131400,40,33,3649000,
2026,1,01/09,금,5,9100000023,미니 공기청정기,AIRNEST,299000,209300,30,30,5322000,
2026,1,01/11,일,1,9100000015,오드퍼퓸 50ML,SCENT ARCHIVE,168000,117600,30,81,8468000,
2026,1,01/11,일,2,9100000021,드립 커피메이커,MORNING BREW,159000,87400,45,53,4832000,
2026,1,01/11,일,3,9100000011,수분 장벽 크림,PURELAB,68000,44200,35,162,6239000,
2026,1,01/11,일,4,9100000025,프리미엄 견과 선물세트,DAILY PANTRY,69000,58600,15,79,4273000,
2026,1,01/11,일,5,9100000014,벨벳 립 틴트,GLOWMATE,32000,16000,50,133,2199000,
2026,1,01/11,일,6,9100000002,여성 울 블렌드 가디건,LUMEN,219000,109500,50,44,4896000,
2026,1,01/12,월,1,9100000021,드립 커피메이커,MORNING BREW,159000,143100,10,31,4255000,
2026,1,01/12,월,2,9100000006,스포츠 트레이닝 팬츠,MOTION LAB,99000,64400,35,45,3408000,
2026,1,01/12,월,3,9100000015,오드퍼퓸 50ML,SCENT ARCHIVE,168000,126000,25,54,5769000,
2026,1,01/12,월,4,9100000026,시그니처 디저트 세트,DAILY PANTRY,59000,47200,20,96,4234000,
2026,1,01/12,월,5,9100000005,러닝 경량 자켓,MOTION LAB,149000,96800,35,43,3621000,
2026,1,01/13,화,1,9100000022,전기 토스터,MORNING BREW,119000,71400,40,52,3874000,
2026,1,01/13,화,2,9100000019,프리미엄 프라이팬 세트,HOME TABLE,179000,107400,40,66,6171000,
2026,1,01/13,화,3,9100000011,수분 장벽 크림,PURELAB,68000,51000,25,55,3475000,
2026,1,01/13,화,4,9100000010,데일리 토트백,ATELIER BAG,259000,129500,50,39,4863000,
2026,1,01/13,화,5,9100000007,골프 여성 카라 티셔츠,GREEN FAIRWAY,179000,152200,15,30,5248000,
2026,1,01/13,화,6,9100000003,남성 클래식 셔츠,NORDEN,129000,103200,20,20,1951000,
2026,1,01/14,수,1,9100000003,남성 클래식 셔츠,NORDEN,129000,64500,50,61,3390000,
2026,1,01/14,수,2,9100000012,진정 세럼,PURELAB,59000,32500,45,213,6927000,
2026,1,01/14,수,3,9100000006,스포츠 트레이닝 팬츠,MOTION LAB,99000,74200,25,44,3716000,
2026,1,01/14,수,4,9100000019,프리미엄 프라이팬 세트,HOME TABLE,179000,125300,30,32,4014000,
2026,1,01/14,수,5,9100000004,남성 테이퍼드 팬츠,NORDEN,159000,127200,20,23,3319000,
2026,1,01/14,수,6,9100000001,여성 캐시미어 블렌드 니트,LUMEN,189000,141800,25,35,5462000,
2026,1,01/15,목,1,9100000006,스포츠 트레이닝 팬츠,MOTION LAB,99000,74200,25,48,3340000,
2026,1,01/15,목,2,9100000014,벨벳 립 틴트,GLOWMATE,32000,17600,45,167,2969000,
2026,1,01/15,목,3,9100000005,러닝 경량 자켓,MOTION LAB,149000,96800,35,61,6148000,
2026,1,01/15,목,4,9100000001,여성 캐시미어 블렌드 니트,LUMEN,189000,141800,25,40,5200000,
2026,1,01/15,목,5,9100000010,데일리 토트백,ATELIER BAG,259000,181300,30,20,3529000,
2026,1,01/15,목,6,9100000009,레더 미니 숄더백,ATELIER BAG,329000,296100,10,13,4256000,
2026,1,01/15,목,7,9100000008,골프 남성 기능성 팬츠,GREEN FAIRWAY,209000,135800,35,56,6506000,
2026,1,01/15,목,8,9100000015,오드퍼퓸 50ML,SCENT ARCHIVE,168000,151200,10,22,3329000,
2026,1,01/16,금,1,9100000022,전기 토스터,MORNING BREW,119000,95200,20,59,4757000,
2026,1,01/16,금,2,9100000012,진정 세럼,PURELAB,59000,32500,45,130,4549000,
2026,1,01/16,금,3,9100000005,러닝 경량 자켓,MOTION LAB,149000,74500,50,51,4231000,
2026,1,01/16,금,4,9100000018,너리싱 헤어 마스크,BOTANIC DAY,45000,29200,35,80,2760000,
2026,1,01/16,금,5,9100000002,여성 울 블렌드 가디건,LUMEN,219000,153300,30,49,6451000,
2026,1,01/16,금,6,9100000019,프리미엄 프라이팬 세트,HOME TABLE,179000,125300,30,44,6120000,
2026,1,01/16,금,7,9100000006,스포츠 트레이닝 팬츠,MOTION LAB,99000,69300,30,46,3264000,
2026,1,01/16,금,8,9100000009,레더 미니 숄더백,ATELIER BAG,329000,263200,20,21,4505000,
2026,1,01/18,일,1,9100000002,여성 울 블렌드 가디건,LUMEN,219000,153300,30,27,4264000,
2026,1,01/18,일,2,9100000007,골프 여성 카라 티셔츠,GREEN FAIRWAY,179000,152200,15,45,5835000,
2026,1,01/18,일,3,9100000005,러닝 경량 자켓,MOTION LAB,149000,134100,10,31,3470000,
2026,1,01/18,일,4,9100000026,시그니처 디저트 세트,DAILY PANTRY,59000,29500,50,113,3345000,
2026,1,01/18,일,5,9100000008,골프 남성 기능성 팬츠,GREEN FAIRWAY,209000,167200,20,16,3215000,
2026,1,01/18,일,6,9100000006,스포츠 트레이닝 팬츠,MOTION LAB,99000,69300,30,28,2217000,
2026,1,01/18,일,7,9100000023,미니 공기청정기,AIRNEST,299000,149500,50,38,5605000,
2026,1,01/18,일,8,9100000016,퍼퓸 기프트 세트,SCENT ARCHIVE,198000,148500,25,45,5596000,
2026,1,01/19,월,1,9100000014,벨벳 립 틴트,GLOWMATE,32000,20800,35,137,2661000,
2026,1,01/19,월,2,9100000003,남성 클래식 셔츠,NORDEN,129000,109600,15,26,2706000,
2026,1,01/19,월,3,9100000008,골프 남성 기능성 팬츠,GREEN FAIRWAY,209000,177600,15,26,5277000,
2026,1,01/19,월,4,9100000016,퍼퓸 기프트 세트,SCENT ARCHIVE,198000,168300,15,34,5269000,
2026,1,01/19,월,5,9100000022,전기 토스터,MORNING BREW,119000,65500,45,60,3349000,
2026,1,01/19,월,6,9100000004,남성 테이퍼드 팬츠,NORDEN,159000,143100,10,14,2510000,
2026,1,01/20,화,1,9100000011,수분 장벽 크림,PURELAB,68000,44200,35,182,7312000,
2026,1,01/20,화,2,9100000024,무선 서큘레이터,AIRNEST,189000,94500,50,60,5986000,
2026,1,01/20,화,3,9100000025,프리미엄 견과 선물세트,DAILY PANTRY,69000,41400,40,74,3408000,
2026,1,01/20,화,4,9100000019,프리미엄 프라이팬 세트,HOME TABLE,179000,107400,40,33,3109000,
2026,1,01/20,화,5,9100000005,러닝 경량 자켓,MOTION LAB,149000,119200,20,27,3408000,
2026,1,01/20,화,6,9100000007,골프 여성 카라 티셔츠,GREEN FAIRWAY,179000,143200,20,21,3037000,
2026,1,01/20,화,7,9100000002,여성 울 블렌드 가디건,LUMEN,219000,131400,40,46,5119000,
2026,1,01/20,화,8,9100000010,데일리 토트백,ATELIER BAG,259000,207200,20,15,3609000,
2026,1,01/21,수,1,9100000016,퍼퓸 기프트 세트,SCENT ARCHIVE,198000,118800,40,44,5363000,
2026,1,01/21,수,2,9100000015,오드퍼퓸 50ML,SCENT ARCHIVE,168000,109200,35,66,7403000,
2026,1,01/21,수,3,9100000013,글로우 쿠션 파운데이션,GLOWMATE,52000,31200,40,115,3567000,
2026,1,01/21,수,4,9100000026,시그니처 디저트 세트,DAILY PANTRY,59000,32500,45,141,4314000,
2026,1,01/21,수,5,9100000009,레더 미니 숄더백,ATELIER BAG,329000,263200,20,26,6742000,
2026,1,01/21,수,6,9100000019,프리미엄 프라이팬 세트,HOME TABLE,179000,89500,50,32,2859000,
2026,1,01/22,목,1,9100000010,데일리 토트백,ATELIER BAG,259000,181300,30,35,6243000,
2026,1,01/22,목,2,9100000005,러닝 경량 자켓,MOTION LAB,149000,134100,10,32,4225000,
2026,1,01/22,목,3,9100000025,프리미엄 견과 선물세트,DAILY PANTRY,69000,41400,40,83,3216000,
2026,1,01/22,목,4,9100000022,전기 토스터,MORNING BREW,119000,83300,30,47,3787000,
2026,1,01/22,목,5,9100000026,시그니처 디저트 세트,DAILY PANTRY,59000,29500,50,89,2394000,
2026,1,01/22,목,6,9100000008,골프 남성 기능성 팬츠,GREEN FAIRWAY,209000,115000,45,29,3762000,
2026,1,01/22,목,7,9100000017,퍼퓸 바디워시,BOTANIC DAY,39000,23400,40,90,2180000,
2026,1,01/22,목,8,9100000014,벨벳 립 틴트,GLOWMATE,32000,22400,30,149,3059000,
2026,1,01/24,토,1,9100000011,수분 장벽 크림,PURELAB,68000,57800,15,75,5401000,
2026,1,01/24,토,2,9100000006,스포츠 트레이닝 팬츠,MOTION LAB,99000,59400,40,38,2574000,
2026,1,01/24,토,3,9100000007,골프 여성 카라 티셔츠,GREEN FAIRWAY,179000,98500,45,48,4943000,
2026,1,01/24,토,4,9100000025,프리미엄 견과 선물세트,DAILY PANTRY,69000,38000,45,108,3655000,
2026,1,01/24,토,5,9100000003,남성 클래식 셔츠,NORDEN,129000,83800,35,53,3773000,
2026,1,01/24,토,6,9100000020,세라믹 냄비 세트,HOME TABLE,249000,149400,40,35,6266000,
2026,1,01/24,토,7,9100000009,레더 미니 숄더백,ATELIER BAG,329000,263200,20,10,3271000,
2026,1,01/25,일,1,9100000001,여성 캐시미어 블렌드 니트,LUMEN,189000,141800,25,33,4409000,
2026,1,01/25,일,2,9100000007,골프 여성 카라 티셔츠,GREEN FAIRWAY,179000,89500,50,37,3570000,
2026,1,01/25,일,3,9100000016,퍼퓸 기프트 세트,SCENT ARCHIVE,198000,108900,45,43,4828000,
2026,1,01/25,일,4,9100000021,드립 커피메이커,MORNING BREW,159000,135200,15,20,3147000,
2026,1,01/25,일,5,9100000005,러닝 경량 자켓,MOTION LAB,149000,82000,45,59,4934000,
2026,1,01/25,일,6,9100000023,미니 공기청정기,AIRNEST,299000,164400,45,28,5298000,
2026,1,01/26,월,1,9100000002,여성 울 블렌드 가디건,LUMEN,219000,109500,50,50,6771000,
2026,1,01/26,월,2,9100000011,수분 장벽 크림,PURELAB,68000,40800,40,135,5301000,
2026,1,01/26,월,3,9100000001,여성 캐시미어 블렌드 니트,LUMEN,189000,104000,45,27,3451000,
2026,1,01/26,월,4,9100000004,남성 테이퍼드 팬츠,NORDEN,159000,143100,10,19,2893000,
2026,1,01/26,월,5,9100000021,드립 커피메이커,MORNING BREW,159000,135200,15,25,3236000,
2026,1,01/26,월,6,9100000014,벨벳 립 틴트,GLOWMATE,32000,17600,45,138,2322000,
2026,1,01/26,월,7,9100000022,전기 토스터,MORNING BREW,119000,77400,35,41,3218000,
2026,1,01/26,월,8,9100000016,퍼퓸 기프트 세트,SCENT ARCHIVE,198000,158400,20,24,4409000,
2026,1,01/27,화,1,9100000017,퍼퓸 바디워시,BOTANIC DAY,39000,21400,45,117,2740000,
2026,1,01/27,화,2,9100000008,골프 남성 기능성 팬츠,GREEN FAIRWAY,209000,125400,40,61,6799000,
2026,1,01/27,화,3,9100000019,프리미엄 프라이팬 세트,HOME TABLE,179000,116400,35,54,5626000,
2026,1,01/27,화,4,9100000022,전기 토스터,MORNING BREW,119000,95200,20,38,3962000,
2026,1,01/27,화,5,9100000011,수분 장벽 크림,PURELAB,68000,57800,15,73,4988000,
2026,1,01/27,화,6,9100000020,세라믹 냄비 세트,HOME TABLE,249000,186800,25,19,3559000,
2026,1,01/30,금,1,9100000007,골프 여성 카라 티셔츠,GREEN FAIRWAY,179000,116400,35,51,6856000,
2026,1,01/30,금,2,9100000018,너리싱 헤어 마스크,BOTANIC DAY,45000,22500,50,99,2700000,
2026,1,01/30,금,3,9100000002,여성 울 블렌드 가디건,LUMEN,219000,131400,40,29,4222000,
2026,1,01/30,금,4,9100000001,여성 캐시미어 블렌드 니트,LUMEN,189000,94500,50,35,3712000,
2026,1,01/30,금,5,9100000012,진정 세럼,PURELAB,59000,38400,35,194,6731000,
2026,1,01/30,금,6,9100000009,레더 미니 숄더백,ATELIER BAG,329000,164500,50,23,4441000,
2026,1,01/31,토,1,9100000023,미니 공기청정기,AIRNEST,299000,254200,15,35,7990000,
2026,1,01/31,토,2,9100000002,여성 울 블렌드 가디건,LUMEN,219000,186200,15,27,6200000,
2026,1,01/31,토,3,9100000015,오드퍼퓸 50ML,SCENT ARCHIVE,168000,142800,15,27,4514000,
2026,1,01/31,토,4,9100000026,시그니처 디저트 세트,DAILY PANTRY,59000,44200,25,96,4900000,
2026,1,01/31,토,5,9100000025,프리미엄 견과 선물세트,DAILY PANTRY,69000,48300,30,110,4797000,
2026,2,02/01,일,1,9100000005,러닝 경량 자켓,MOTION LAB,149000,111800,25,35,4104000,
2026,2,02/01,일,2,9100000021,드립 커피메이커,MORNING BREW,159000,143100,10,29,3640000,
2026,2,02/01,일,3,9100000012,진정 세럼,PURELAB,59000,38400,35,100,4426000,
2026,2,02/01,일,4,9100000011,수분 장벽 크림,PURELAB,68000,47600,30,110,4745000,
2026,2,02/01,일,5,9100000004,남성 테이퍼드 팬츠,NORDEN,159000,103400,35,33,3747000,
2026,2,02/03,화,1,9100000005,러닝 경량 자켓,MOTION LAB,149000,96800,35,61,6063000,
2026,2,02/03,화,2,9100000014,벨벳 립 틴트,GLOWMATE,32000,28800,10,139,3964000,
2026,2,02/03,화,3,9100000025,프리미엄 견과 선물세트,DAILY PANTRY,69000,58600,15,41,2620000,
2026,2,02/03,화,4,9100000024,무선 서큘레이터,AIRNEST,189000,151200,20,26,4141000,
2026,2,02/03,화,5,9100000015,오드퍼퓸 50ML,SCENT ARCHIVE,168000,151200,10,39,5648000,
2026,2,02/03,화,6,9100000017,퍼퓸 바디워시,BOTANIC DAY,39000,35100,10,123,3625000,
2026,2,02/07,토,1,9100000024,무선 서큘레이터,AIRNEST,189000,151200,20,39,6031000,
2026,2,02/07,토,2,9100000026,시그니처 디저트 세트,DAILY PANTRY,59000,44200,25,124,5217000,
2026,2,02/07,토,3,9100000011,수분 장벽 크림,PURELAB,68000,37400,45,203,6559000,
2026,2,02/07,토,4,9100000012,진정 세럼,PURELAB,59000,35400,40,207,6355000,
2026,2,02/07,토,5,9100000001,여성 캐시미어 블렌드 니트,LUMEN,189000,160600,15,15,2663000,
2026,2,02/07,토,6,9100000009,레더 미니 숄더백,ATELIER BAG,329000,263200,20,20,5193000,
2026,2,02/07,토,7,9100000017,퍼퓸 바디워시,BOTANIC DAY,39000,29200,25,76,2181000,
2026,2,02/08,일,1,9100000001,여성 캐시미어 블렌드 니트,LUMEN,189000,132300,30,51,5654000,
2026,2,02/08,일,2,9100000026,시그니처 디저트 세트,DAILY PANTRY,59000,50200,15,91,4029000,
2026,2,02/08,일,3,9100000018,너리싱 헤어 마스크,BOTANIC DAY,45000,31500,30,118,3931000,
2026,2,02/08,일,4,9100000019,프리미엄 프라이팬 세트,HOME TABLE,179000,161100,10,33,4529000,
2026,2,02/08,일,5,9100000009,레더 미니 숄더백,ATELIER BAG,329000,181000,45,26,4264000,
2026,2,02/08,일,6,9100000008,골프 남성 기능성 팬츠,GREEN FAIRWAY,209000,115000,45,30,3861000,
2026,2,02/10,화,1,9100000012,진정 세럼,PURELAB,59000,35400,40,146,5733000,
2026,2,02/10,화,2,9100000010,데일리 토트백,ATELIER BAG,259000,168400,35,27,5234000,
2026,2,02/10,화,3,9100000025,프리미엄 견과 선물세트,DAILY PANTRY,69000,44800,35,78,4092000,
2026,2,02/10,화,4,9100000022,전기 토스터,MORNING BREW,119000,71400,40,54,4618000,
2026,2,02/10,화,5,9100000019,프리미엄 프라이팬 세트,HOME TABLE,179000,161100,10,19,3567000,
2026,2,02/10,화,6,9100000005,러닝 경량 자켓,MOTION LAB,149000,111800,25,29,3449000,
2026,2,02/11,수,1,9100000009,레더 미니 숄더백,ATELIER BAG,329000,263200,20,15,4606000,
2026,2,02/11,수,2,9100000019,프리미엄 프라이팬 세트,HOME TABLE,179000,98500,45,40,3663000,
2026,2,02/11,수,3,9100000016,퍼퓸 기프트 세트,SCENT ARCHIVE,198000,99000,50,43,4755000,
2026,2,02/11,수,4,9100000021,드립 커피메이커,MORNING BREW,159000,87400,45,33,3301000,
2026,2,02/11,수,5,9100000014,벨벳 립 틴트,GLOWMATE,32000,16000,50,227,3078000,
2026,2,02/11,수,6,9100000015,오드퍼퓸 50ML,SCENT ARCHIVE,168000,100800,40,39,4190000,
2026,2,02/11,수,7,9100000024,무선 서큘레이터,AIRNEST,189000,132300,30,19,2950000,
2026,2,02/11,수,8,9100000022,전기 토스터,MORNING BREW,119000,77400,35,38,3090000,
2026,2,02/12,목,1,9100000026,시그니처 디저트 세트,DAILY PANTRY,59000,41300,30,127,5932000,
2026,2,02/12,목,2,9100000005,러닝 경량 자켓,MOTION LAB,149000,82000,45,38,3036000,
2026,2,02/12,목,3,9100000019,프리미엄 프라이팬 세트,HOME TABLE,179000,152200,15,36,5600000,
2026,2,02/12,목,4,9100000014,벨벳 립 틴트,GLOWMATE,32000,22400,30,216,4169000,
2026,2,02/12,목,5,9100000002,여성 울 블렌드 가디건,LUMEN,219000,131400,40,42,5021000,
2026,2,02/13,금,1,9100000017,퍼퓸 바디워시,BOTANIC DAY,39000,31200,20,154,5156000,
2026,2,02/13,금,2,9100000021,드립 커피메이커,MORNING BREW,159000,95400,40,64,5299000,
2026,2,02/13,금,3,9100000015,오드퍼퓸 50ML,SCENT ARCHIVE,168000,109200,35,80,7391000,
2026,2,02/13,금,4,9100000024,무선 서큘레이터,AIRNEST,189000,104000,45,61,5946000,
2026,2,02/13,금,5,9100000022,전기 토스터,MORNING BREW,119000,95200,20,50,4590000,
2026,2,02/13,금,6,9100000023,미니 공기청정기,AIRNEST,299000,209300,30,25,6251000,
2026,2,02/14,토,1,9100000020,세라믹 냄비 세트,HOME TABLE,249000,186800,25,39,7206000,
2026,2,02/14,토,2,9100000018,너리싱 헤어 마스크,BOTANIC DAY,45000,40500,10,76,2629000,
2026,2,02/14,토,3,9100000019,프리미엄 프라이팬 세트,HOME TABLE,179000,143200,20,40,6253000,
2026,2,02/14,토,4,9100000002,여성 울 블렌드 가디건,LUMEN,219000,164200,25,27,4169000,
2026,2,02/14,토,5,9100000024,무선 서큘레이터,AIRNEST,189000,104000,45,32,3260000,
2026,2,02/14,토,6,9100000017,퍼퓸 바디워시,BOTANIC DAY,39000,25400,35,100,3102000,
2026,2,02/16,월,1,9100000006,스포츠 트레이닝 팬츠,MOTION LAB,99000,84200,15,48,3984000,
2026,2,02/16,월,2,9100000014,벨벳 립 틴트,GLOWMATE,32000,22400,30,114,2835000,
2026,2,02/16,월,3,9100000001,여성 캐시미어 블렌드 니트,LUMEN,189000,160600,15,21,2892000,
2026,2,02/16,월,4,9100000017,퍼퓸 바디워시,BOTANIC DAY,39000,31200,20,79,2093000,
2026,2,02/16,월,5,9100000011,수분 장벽 크림,PURELAB,68000,54400,20,47,3102000,
2026,2,02/16,월,6,9100000013,글로우 쿠션 파운데이션,GLOWMATE,52000,31200,40,81,2934000,
2026,2,02/16,월,7,9100000009,레더 미니 숄더백,ATELIER BAG,329000,213800,35,21,3897000,
2026,2,02/16,월,8,9100000003,남성 클래식 셔츠,NORDEN,129000,109600,15,13,1641000,
2026,2,02/17,화,1,9100000016,퍼퓸 기프트 세트,SCENT ARCHIVE,198000,178200,10,32,5609000,
2026,2,02/17,화,2,9100000017,퍼퓸 바디워시,BOTANIC DAY,39000,33200,15,90,3110000,
2026,2,02/17,화,3,9100000025,프리미엄 견과 선물세트,DAILY PANTRY,69000,51800,25,80,5157000,
2026,2,02/17,화,4,9100000013,글로우 쿠션 파운데이션,GLOWMATE,52000,26000,50,235,5712000,
2026,2,02/17,화,5,9100000004,남성 테이퍼드 팬츠,NORDEN,159000,119200,25,35,3928000,
2026,2,02/17,화,6,9100000009,레더 미니 숄더백,ATELIER BAG,329000,263200,20,15,4125000,
2026,2,02/18,수,1,9100000026,시그니처 디저트 세트,DAILY PANTRY,59000,29500,50,218,5431000,
2026,2,02/18,수,2,9100000005,러닝 경량 자켓,MOTION LAB,149000,74500,50,44,4094000,
2026,2,02/18,수,3,9100000012,진정 세럼,PURELAB,59000,32500,45,232,7184000,
2026,2,02/18,수,4,9100000018,너리싱 헤어 마스크,BOTANIC DAY,45000,36000,20,75,2293000,
2026,2,02/18,수,5,9100000006,스포츠 트레이닝 팬츠,MOTION LAB,99000,54500,45,43,2586000,
2026,2,02/18,수,6,9100000008,골프 남성 기능성 팬츠,GREEN FAIRWAY,209000,125400,40,57,6300000,
2026,2,02/19,목,1,9100000002,여성 울 블렌드 가디건,LUMEN,219000,186200,15,23,5034000,
2026,2,02/19,목,2,9100000006,스포츠 트레이닝 팬츠,MOTION LAB,99000,79200,20,61,4034000,
2026,2,02/19,목,3,9100000024,무선 서큘레이터,AIRNEST,189000,113400,40,36,4041000,
2026,2,02/19,목,4,9100000018,너리싱 헤어 마스크,BOTANIC DAY,45000,29200,35,198,4912000,
2026,2,02/19,목,5,9100000019,프리미엄 프라이팬 세트,HOME TABLE,179000,125300,30,54,6284000,
2026,2,02/19,목,6,9100000003,남성 클래식 셔츠,NORDEN,129000,90300,30,36,2703000,
2026,2,02/19,목,7,9100000010,데일리 토트백,ATELIER BAG,259000,168400,35,26,3768000,
2026,2,02/20,금,1,9100000021,드립 커피메이커,MORNING BREW,159000,127200,20,50,5540000,
2026,2,02/20,금,2,9100000001,여성 캐시미어 블렌드 니트,LUMEN,189000,104000,45,61,6218000,
2026,2,02/20,금,3,9100000020,세라믹 냄비 세트,HOME TABLE,249000,211600,15,31,5670000,
2026,2,02/20,금,4,9100000016,퍼퓸 기프트 세트,SCENT ARCHIVE,198000,108900,45,70,8058000,
2026,2,02/20,금,5,9100000025,프리미엄 견과 선물세트,DAILY PANTRY,69000,41400,40,122,5342000,
2026,2,02/20,금,6,9100000022,전기 토스터,MORNING BREW,119000,95200,20,57,4808000,
2026,2,02/22,일,1,9100000007,골프 여성 카라 티셔츠,GREEN FAIRWAY,179000,134200,25,27,3526000,
2026,2,02/22,일,2,9100000015,오드퍼퓸 50ML,SCENT ARCHIVE,168000,117600,30,59,7770000,
2026,2,02/22,일,3,9100000001,여성 캐시미어 블렌드 니트,LUMEN,189000,104000,45,45,5758000,
2026,2,02/22,일,4,9100000008,골프 남성 기능성 팬츠,GREEN FAIRWAY,209000,115000,45,56,5995000,
2026,2,02/22,일,5,9100000024,무선 서큘레이터,AIRNEST,189000,141800,25,23,2676000,
2026,2,02/22,일,6,9100000009,레더 미니 숄더백,ATELIER BAG,329000,197400,40,16,3503000,
2026,2,02/22,일,7,9100000012,진정 세럼,PURELAB,59000,29500,50,143,4132000,
2026,2,02/23,월,1,9100000003,남성 클래식 셔츠,NORDEN,129000,96800,25,48,4226000,
2026,2,02/23,월,2,9100000019,프리미엄 프라이팬 세트,HOME TABLE,179000,125300,30,31,3638000,
2026,2,02/23,월,3,9100000005,러닝 경량 자켓,MOTION LAB,149000,74500,50,58,4024000,
2026,2,02/23,월,4,9100000026,시그니처 디저트 세트,DAILY PANTRY,59000,32500,45,68,2282000,
2026,2,02/23,월,5,9100000024,무선 서큘레이터,AIRNEST,189000,170100,10,25,4611000,
2026,2,02/23,월,6,9100000009,레더 미니 숄더백,ATELIER BAG,329000,197400,40,22,3969000,
2026,2,02/24,화,1,9100000017,퍼퓸 바디워시,BOTANIC DAY,39000,19500,50,138,3363000,
2026,2,02/24,화,2,9100000025,프리미엄 견과 선물세트,DAILY PANTRY,69000,51800,25,82,3669000,
2026,2,02/24,화,3,9100000002,여성 울 블렌드 가디건,LUMEN,219000,197100,10,28,6107000,
2026,2,02/24,화,4,9100000008,골프 남성 기능성 팬츠,GREEN FAIRWAY,209000,125400,40,59,6298000,
2026,2,02/24,화,5,9100000024,무선 서큘레이터,AIRNEST,189000,141800,25,21,3191000,
2026,2,02/24,화,6,9100000009,레더 미니 숄더백,ATELIER BAG,329000,279600,15,10,2955000,
2026,2,02/24,화,7,9100000014,벨벳 립 틴트,GLOWMATE,32000,28800,10,112,3064000,
2026,2,02/25,수,1,9100000008,골프 남성 기능성 팬츠,GREEN FAIRWAY,209000,104500,50,73,6493000,
2026,2,02/25,수,2,9100000004,남성 테이퍼드 팬츠,NORDEN,159000,87400,45,57,4770000,
2026,2,02/25,수,3,9100000016,퍼퓸 기프트 세트,SCENT ARCHIVE,198000,168300,15,21,4381000,
2026,2,02/25,수,4,9100000026,시그니처 디저트 세트,DAILY PANTRY,59000,53100,10,69,3153000,
2026,2,02/25,수,5,9100000011,수분 장벽 크림,PURELAB,68000,57800,15,80,5623000,
2026,2,02/25,수,6,9100000002,여성 울 블렌드 가디건,LUMEN,219000,120500,45,28,3282000,
2026,2,02/25,수,7,9100000022,전기 토스터,MORNING BREW,119000,71400,40,37,2478000,
2026,2,02/26,목,1,9100000013,글로우 쿠션 파운데이션,GLOWMATE,52000,46800,10,104,4927000,
2026,2,02/26,목,2,9100000026,시그니처 디저트 세트,DAILY PANTRY,59000,35400,40,161,5446000,
2026,2,02/26,목,3,9100000004,남성 테이퍼드 팬츠,NORDEN,159000,103400,35,47,4580000,
2026,2,02/26,목,4,9100000020,세라믹 냄비 세트,HOME TABLE,249000,224100,10,20,4912000,
2026,2,02/26,목,5,9100000014,벨벳 립 틴트,GLOWMATE,32000,24000,25,88,2628000,
2026,2,02/26,목,6,9100000008,골프 남성 기능성 팬츠,GREEN FAIRWAY,209000,177600,15,30,4639000,
2026,2,02/26,목,7,9100000023,미니 공기청정기,AIRNEST,299000,239200,20,22,5751000,
2026,2,02/27,금,1,9100000006,스포츠 트레이닝 팬츠,MOTION LAB,99000,59400,40,71,3993000,
2026,2,02/27,금,2,9100000008,골프 남성 기능성 팬츠,GREEN FAIRWAY,209000,135800,35,45,5243000,
2026,2,02/27,금,3,9100000005,러닝 경량 자켓,MOTION LAB,149000,119200,20,27,3442000,
2026,2,02/27,금,4,9100000002,여성 울 블렌드 가디건,LUMEN,219000,142400,35,41,4885000,
2026,2,02/27,금,5,9100000023,미니 공기청정기,AIRNEST,299000,149500,50,43,6027000,
2026,2,02/27,금,6,9100000024,무선 서큘레이터,AIRNEST,189000,170100,10,23,3484000,
2026,2,02/27,금,7,9100000010,데일리 토트백,ATELIER BAG,259000,129500,50,43,5686000,
2026,2,02/27,금,8,9100000019,프리미엄 프라이팬 세트,HOME TABLE,179000,134200,25,45,5705000,
2026,2,02/28,토,1,9100000011,수분 장벽 크림,PURELAB,68000,37400,45,168,6747000,
2026,2,02/28,토,2,9100000007,골프 여성 카라 티셔츠,GREEN FAIRWAY,179000,116400,35,49,5864000,
2026,2,02/28,토,3,9100000022,전기 토스터,MORNING BREW,119000,95200,20,36,2940000,
2026,2,02/28,토,4,9100000016,퍼퓸 기프트 세트,SCENT ARCHIVE,198000,178200,10,40,6037000,
2026,2,02/28,토,5,9100000023,미니 공기청정기,AIRNEST,299000,224200,25,27,6226000,
2026,3,03/01,일,1,9100000024,무선 서큘레이터,AIRNEST,189000,122800,35,27,3573000,
2026,3,03/01,일,2,9100000025,프리미엄 견과 선물세트,DAILY PANTRY,69000,34500,50,82,3069000,
2026,3,03/01,일,3,9100000011,수분 장벽 크림,PURELAB,68000,51000,25,136,5950000,
2026,3,03/01,일,4,9100000013,글로우 쿠션 파운데이션,GLOWMATE,52000,33800,35,80,3330000,
2026,3,03/01,일,5,9100000007,골프 여성 카라 티셔츠,GREEN FAIRWAY,179000,134200,25,25,3773000,
2026,3,03/01,일,6,9100000023,미니 공기청정기,AIRNEST,299000,209300,30,28,6304000,
2026,3,03/01,일,7,9100000006,스포츠 트레이닝 팬츠,MOTION LAB,99000,49500,50,39,2222000,
2026,3,03/01,일,8,9100000001,여성 캐시미어 블렌드 니트,LUMEN,189000,151200,20,36,4725000,
2026,3,03/02,월,1,9100000013,글로우 쿠션 파운데이션,GLOWMATE,52000,28600,45,170,4335000,
2026,3,03/02,월,2,9100000021,드립 커피메이커,MORNING BREW,159000,127200,20,61,6537000,
2026,3,03/02,월,3,9100000004,남성 테이퍼드 팬츠,NORDEN,159000,95400,40,41,4764000,
2026,3,03/02,월,4,9100000011,수분 장벽 크림,PURELAB,68000,54400,20,102,6510000,
2026,3,03/02,월,5,9100000007,골프 여성 카라 티셔츠,GREEN FAIRWAY,179000,134200,25,24,3413000,
2026,3,03/02,월,6,9100000010,데일리 토트백,ATELIER BAG,259000,168400,35,23,3979000,
2026,3,03/03,화,1,9100000025,프리미엄 견과 선물세트,DAILY PANTRY,69000,48300,30,114,5919000,
2026,3,03/03,화,2,9100000020,세라믹 냄비 세트,HOME TABLE,249000,224100,10,24,5816000,
2026,3,03/03,화,3,9100000019,프리미엄 프라이팬 세트,HOME TABLE,179000,143200,20,48,5844000,
2026,3,03/03,화,4,9100000007,골프 여성 카라 티셔츠,GREEN FAIRWAY,179000,98500,45,33,3869000,
2026,3,03/03,화,5,9100000018,너리싱 헤어 마스크,BOTANIC DAY,45000,24800,45,179,4245000,
2026,3,03/04,수,1,9100000025,프리미엄 견과 선물세트,DAILY PANTRY,69000,44800,35,134,5942000,
2026,3,03/04,수,2,9100000021,드립 커피메이커,MORNING BREW,159000,87400,45,74,6478000,
2026,3,03/04,수,3,9100000017,퍼퓸 바디워시,BOTANIC DAY,39000,27300,30,158,4098000,
2026,3,03/04,수,4,9100000012,진정 세럼,PURELAB,59000,53100,10,87,3970000,
2026,3,03/04,수,5,9100000016,퍼퓸 기프트 세트,SCENT ARCHIVE,198000,108900,45,75,8477000,
2026,3,03/04,수,6,9100000024,무선 서큘레이터,AIRNEST,189000,132300,30,33,4528000,
2026,3,03/04,수,7,9100000015,오드퍼퓸 50ML,SCENT ARCHIVE,168000,134400,20,53,7530000,
2026,3,03/04,수,8,9100000006,스포츠 트레이닝 팬츠,MOTION LAB,99000,49500,50,45,2012000,
2026,3,03/05,목,1,9100000008,골프 남성 기능성 팬츠,GREEN FAIRWAY,209000,125400,40,47,6085000,
2026,3,03/05,목,2,9100000019,프리미엄 프라이팬 세트,HOME TABLE,179000,116400,35,54,6815000,
2026,3,03/05,목,3,9100000002,여성 울 블렌드 가디건,LUMEN,219000,131400,40,29,3924000,
2026,3,03/05,목,4,9100000015,오드퍼퓸 50ML,SCENT ARCHIVE,168000,117600,30,62,7741000,
2026,3,03/05,목,5,9100000017,퍼퓸 바디워시,BOTANIC DAY,39000,33200,15,84,2787000,
2026,3,03/05,목,6,9100000020,세라믹 냄비 세트,HOME TABLE,249000,124500,50,52,5820000,
2026,3,03/05,목,7,9100000011,수분 장벽 크림,PURELAB,68000,51000,25,62,3790000,
2026,3,03/06,금,1,9100000011,수분 장벽 크림,PURELAB,68000,47600,30,126,5762000,
2026,3,03/06,금,2,9100000007,골프 여성 카라 티셔츠,GREEN FAIRWAY,179000,143200,20,60,7852000,
2026,3,03/06,금,3,9100000022,전기 토스터,MORNING BREW,119000,59500,50,78,5774000,
2026,3,03/06,금,4,9100000026,시그니처 디저트 세트,DAILY PANTRY,59000,41300,30,88,3868000,
2026,3,03/06,금,5,9100000009,레더 미니 숄더백,ATELIER BAG,329000,197400,40,46,8088000,
2026,3,03/06,금,6,9100000010,데일리 토트백,ATELIER BAG,259000,233100,10,20,4655000,
2026,3,03/08,일,1,9100000008,골프 남성 기능성 팬츠,GREEN FAIRWAY,209000,104500,50,66,6301000,
2026,3,03/08,일,2,9100000026,시그니처 디저트 세트,DAILY PANTRY,59000,32500,45,94,3648000,
2026,3,03/08,일,3,9100000024,무선 서큘레이터,AIRNEST,189000,141800,25,37,4467000,
2026,3,03/08,일,4,9100000007,골프 여성 카라 티셔츠,GREEN FAIRWAY,179000,107400,40,35,3791000,
2026,3,03/08,일,5,9100000016,퍼퓸 기프트 세트,SCENT ARCHIVE,198000,99000,50,35,3993000,
2026,3,03/08,일,6,9100000025,프리미엄 견과 선물세트,DAILY PANTRY,69000,55200,20,64,3226000,
2026,3,03/08,일,7,9100000017,퍼퓸 바디워시,BOTANIC DAY,39000,21400,45,197,3716000,
2026,3,03/08,일,8,9100000019,프리미엄 프라이팬 세트,HOME TABLE,179000,116400,35,28,3331000,
2026,3,03/11,수,1,9100000011,수분 장벽 크림,PURELAB,68000,44200,35,180,7087000,
2026,3,03/11,수,2,9100000019,프리미엄 프라이팬 세트,HOME TABLE,179000,107400,40,58,7030000,
2026,3,03/11,수,3,9100000001,여성 캐시미어 블렌드 니트,LUMEN,189000,113400,40,29,3440000,
2026,3,03/11,수,4,9100000025,프리미엄 견과 선물세트,DAILY PANTRY,69000,38000,45,87,3213000,
2026,3,03/11,수,5,9100000002,여성 울 블렌드 가디건,LUMEN,219000,120500,45,44,5742000,
2026,3,03/11,수,6,9100000005,러닝 경량 자켓,MOTION LAB,149000,119200,20,25,2897000,
2026,3,03/11,수,7,9100000021,드립 커피메이커,MORNING BREW,159000,143100,10,38,5194000,
2026,3,03/12,목,1,9100000003,남성 클래식 셔츠,NORDEN,129000,64500,50,35,2743000,
2026,3,03/12,목,2,9100000013,글로우 쿠션 파운데이션,GLOWMATE,52000,26000,50,127,3553000,
2026,3,03/12,목,3,9100000010,데일리 토트백,ATELIER BAG,259000,155400,40,40,5205000,
2026,3,03/12,목,4,9100000007,골프 여성 카라 티셔츠,GREEN FAIRWAY,179000,143200,20,37,5288000,
2026,3,03/12,목,5,9100000008,골프 남성 기능성 팬츠,GREEN FAIRWAY,209000,177600,15,29,4409000,
2026,3,03/12,목,6,9100000024,무선 서큘레이터,AIRNEST,189000,141800,25,22,3480000,
2026,3,03/13,금,1,9100000006,스포츠 트레이닝 팬츠,MOTION LAB,99000,69300,30,59,3423000,
2026,3,03/13,금,2,9100000020,세라믹 냄비 세트,HOME TABLE,249000,137000,45,33,4715000,
2026,3,03/13,금,3,9100000019,프리미엄 프라이팬 세트,HOME TABLE,179000,134200,25,47,5457000,
2026,3,03/13,금,4,9100000010,데일리 토트백,ATELIER BAG,259000,142400,45,40,5517000,
2026,3,03/13,금,5,9100000024,무선 서큘레이터,AIRNEST,189000,160600,15,29,3989000,
2026,3,03/13,금,6,9100000007,골프 여성 카라 티셔츠,GREEN FAIRWAY,179000,98500,45,53,4616000,
2026,3,03/13,금,7,9100000017,퍼퓸 바디워시,BOTANIC DAY,39000,27300,30,140,3381000,
2026,3,03/13,금,8,9100000015,오드퍼퓸 50ML,SCENT ARCHIVE,168000,134400,20,37,5774000,
2026,3,03/14,토,1,9100000015,오드퍼퓸 50ML,SCENT ARCHIVE,168000,126000,25,65,9419000,
2026,3,03/14,토,2,9100000013,글로우 쿠션 파운데이션,GLOWMATE,52000,26000,50,203,4529000,
2026,3,03/14,토,3,9100000022,전기 토스터,MORNING BREW,119000,89200,25,60,5561000,
2026,3,03/14,토,4,9100000006,스포츠 트레이닝 팬츠,MOTION LAB,99000,49500,50,46,2408000,
2026,3,03/14,토,5,9100000019,프리미엄 프라이팬 세트,HOME TABLE,179000,152200,15,31,4305000,
2026,3,03/14,토,6,9100000004,남성 테이퍼드 팬츠,NORDEN,159000,95400,40,34,3641000,
2026,3,03/14,토,7,9100000025,프리미엄 견과 선물세트,DAILY PANTRY,69000,34500,50,62,2618000,
2026,3,03/14,토,8,9100000002,여성 울 블렌드 가디건,LUMEN,219000,120500,45,41,4491000,
2026,3,03/16,월,1,9100000009,레더 미니 숄더백,ATELIER BAG,329000,181000,45,28,6058000,
2026,3,03/16,월,2,9100000004,남성 테이퍼드 팬츠,NORDEN,159000,79500,50,56,4097000,
2026,3,03/16,월,3,9100000023,미니 공기청정기,AIRNEST,299000,164400,45,30,4348000,
2026,3,03/16,월,4,9100000005,러닝 경량 자켓,MOTION LAB,149000,119200,20,20,3021000,
2026,3,03/16,월,5,9100000011,수분 장벽 크림,PURELAB,68000,57800,15,52,3528000,
2026,3,03/18,수,1,9100000022,전기 토스터,MORNING BREW,119000,95200,20,32,3721000,
2026,3,03/18,수,2,9100000009,레더 미니 숄더백,ATELIER BAG,329000,164500,50,32,4815000,
2026,3,03/18,수,3,9100000005,러닝 경량 자켓,MOTION LAB,149000,74500,50,70,4772000,
2026,3,03/18,수,4,9100000015,오드퍼퓸 50ML,SCENT ARCHIVE,168000,142800,15,35,5458000,
2026,3,03/18,수,5,9100000012,진정 세럼,PURELAB,59000,53100,10,79,5127000,
2026,3,03/19,목,1,9100000008,골프 남성 기능성 팬츠,GREEN FAIRWAY,209000,125400,40,27,4218000,
2026,3,03/19,목,2,9100000012,진정 세럼,PURELAB,59000,44200,25,127,6819000,
2026,3,03/19,목,3,9100000026,시그니처 디저트 세트,DAILY PANTRY,59000,50200,15,108,4784000,
2026,3,03/19,목,4,9100000007,골프 여성 카라 티셔츠,GREEN FAIRWAY,179000,143200,20,34,5966000,
2026,3,03/19,목,5,9100000003,남성 클래식 셔츠,NORDEN,129000,64500,50,35,2405000,
2026,3,03/19,목,6,9100000001,여성 캐시미어 블렌드 니트,LUMEN,189000,94500,50,53,4741000,
2026,3,03/21,토,1,9100000004,남성 테이퍼드 팬츠,NORDEN,159000,95400,40,43,5100000,
2026,3,03/21,토,2,9100000008,골프 남성 기능성 팬츠,GREEN FAIRWAY,209000,156800,25,29,5535000,
2026,3,03/21,토,3,9100000007,골프 여성 카라 티셔츠,GREEN FAIRWAY,179000,125300,30,46,6143000,
2026,3,03/21,토,4,9100000026,시그니처 디저트 세트,DAILY PANTRY,59000,50200,15,91,4749000,
2026,3,03/21,토,5,9100000012,진정 세럼,PURELAB,59000,32500,45,189,7287000,
2026,3,03/21,토,6,9100000011,수분 장벽 크림,PURELAB,68000,34000,50,215,6247000,
2026,3,03/21,토,7,9100000006,스포츠 트레이닝 팬츠,MOTION LAB,99000,79200,20,27,2515000,
2026,3,03/21,토,8,9100000001,여성 캐시미어 블렌드 니트,LUMEN,189000,122800,35,52,5890000,
2026,3,03/22,일,1,9100000011,수분 장벽 크림,PURELAB,68000,57800,15,88,4873000,
2026,3,03/22,일,2,9100000006,스포츠 트레이닝 팬츠,MOTION LAB,99000,54500,45,61,3140000,
2026,3,03/22,일,3,9100000021,드립 커피메이커,MORNING BREW,159000,119200,25,45,4927000,
2026,3,03/22,일,4,9100000023,미니 공기청정기,AIRNEST,299000,269100,10,16,4169000,
2026,3,03/22,일,5,9100000026,시그니처 디저트 세트,DAILY PANTRY,59000,50200,15,62,2846000,
2026,3,03/22,일,6,9100000016,퍼퓸 기프트 세트,SCENT ARCHIVE,198000,148500,25,36,6435000,
2026,3,03/23,월,1,9100000007,골프 여성 카라 티셔츠,GREEN FAIRWAY,179000,98500,45,59,6187000,
2026,3,03/23,월,2,9100000005,러닝 경량 자켓,MOTION LAB,149000,104300,30,42,3904000,
2026,3,03/23,월,3,9100000013,글로우 쿠션 파운데이션,GLOWMATE,52000,46800,10,112,4413000,
2026,3,03/23,월,4,9100000026,시그니처 디저트 세트,DAILY PANTRY,59000,41300,30,97,4503000,
2026,3,03/23,월,5,9100000021,드립 커피메이커,MORNING BREW,159000,103400,35,36,4186000,
2026,3,03/23,월,6,9100000002,여성 울 블렌드 가디건,LUMEN,219000,197100,10,29,5341000,
2026,3,03/23,월,7,9100000008,골프 남성 기능성 팬츠,GREEN FAIRWAY,209000,156800,25,36,5168000,
2026,3,03/24,화,1,9100000017,퍼퓸 바디워시,BOTANIC DAY,39000,33200,15,115,4649000,
2026,3,03/24,화,2,9100000011,수분 장벽 크림,PURELAB,68000,54400,20,118,7544000,
2026,3,03/24,화,3,9100000006,스포츠 트레이닝 팬츠,MOTION LAB,99000,79200,20,50,3484000,
2026,3,03/24,화,4,9100000015,오드퍼퓸 50ML,SCENT ARCHIVE,168000,126000,25,33,4964000,
2026,3,03/24,화,5,9100000021,드립 커피메이커,MORNING BREW,159000,87400,45,52,4142000,
2026,3,03/24,화,6,9100000001,여성 캐시미어 블렌드 니트,LUMEN,189000,141800,25,29,3887000,
2026,3,03/24,화,7,9100000003,남성 클래식 셔츠,NORDEN,129000,90300,30,29,2636000,
2026,3,03/24,화,8,9100000016,퍼퓸 기프트 세트,SCENT ARCHIVE,198000,148500,25,36,4825000,
2026,3,03/25,수,1,9100000013,글로우 쿠션 파운데이션,GLOWMATE,52000,31200,40,248,6865000,
2026,3,03/25,수,2,9100000026,시그니처 디저트 세트,DAILY PANTRY,59000,32500,45,86,2924000,
2026,3,03/25,수,3,9100000006,스포츠 트레이닝 팬츠,MOTION LAB,99000,84200,15,52,3753000,
2026,3,03/25,수,4,9100000016,퍼퓸 기프트 세트,SCENT ARCHIVE,198000,99000,50,55,5029000,
2026,3,03/25,수,5,9100000015,오드퍼퓸 50ML,SCENT ARCHIVE,168000,117600,30,47,5955000,
2026,3,03/25,수,6,9100000014,벨벳 립 틴트,GLOWMATE,32000,22400,30,161,3469000,
2026,3,03/25,수,7,9100000017,퍼퓸 바디워시,BOTANIC DAY,39000,33200,15,85,2598000,
2026,3,03/26,목,1,9100000001,여성 캐시미어 블렌드 니트,LUMEN,189000,113400,40,77,7365000,
2026,3,03/26,목,2,9100000026,시그니처 디저트 세트,DAILY PANTRY,59000,38400,35,104,4322000,
2026,3,03/26,목,3,9100000017,퍼퓸 바디워시,BOTANIC DAY,39000,33200,15,81,3296000,
2026,3,03/26,목,4,9100000012,진정 세럼,PURELAB,59000,50200,15,97,4769000,
2026,3,03/26,목,5,9100000016,퍼퓸 기프트 세트,SCENT ARCHIVE,198000,148500,25,64,8083000,
2026,3,03/26,목,6,9100000013,글로우 쿠션 파운데이션,GLOWMATE,52000,33800,35,151,5112000,
2026,3,03/27,금,1,9100000021,드립 커피메이커,MORNING BREW,159000,119200,25,61,6177000,
2026,3,03/27,금,2,9100000013,글로우 쿠션 파운데이션,GLOWMATE,52000,33800,35,213,6718000,
2026,3,03/27,금,3,9100000014,벨벳 립 틴트,GLOWMATE,32000,25600,20,139,3634000,
2026,3,03/27,금,4,9100000024,무선 서큘레이터,AIRNEST,189000,151200,20,30,4370000,
2026,3,03/27,금,5,9100000008,골프 남성 기능성 팬츠,GREEN FAIRWAY,209000,167200,20,24,3568000,
2026,3,03/28,토,1,9100000013,글로우 쿠션 파운데이션,GLOWMATE,52000,31200,40,144,4895000,
2026,3,03/28,토,2,9100000023,미니 공기청정기,AIRNEST,299000,149500,50,45,7068000,
2026,3,03/28,토,3,9100000019,프리미엄 프라이팬 세트,HOME TABLE,179000,125300,30,54,6182000,
2026,3,03/28,토,4,9100000003,남성 클래식 셔츠,NORDEN,129000,109600,15,22,2340000,
2026,3,03/28,토,5,9100000017,퍼퓸 바디워시,BOTANIC DAY,39000,25400,35,159,4459000,
2026,3,03/28,토,6,9100000007,골프 여성 카라 티셔츠,GREEN FAIRWAY,179000,134200,25,44,6132000,
2026,3,03/28,토,7,9100000014,벨벳 립 틴트,GLOWMATE,32000,22400,30,95,2456000,
2026,3,03/28,토,8,9100000006,스포츠 트레이닝 팬츠,MOTION LAB,99000,54500,45,30,1994000,
2026,3,03/29,일,1,9100000021,드립 커피메이커,MORNING BREW,159000,127200,20,29,4242000,
2026,3,03/29,일,2,9100000010,데일리 토트백,ATELIER BAG,259000,220200,15,23,4549000,
2026,3,03/29,일,3,9100000024,무선 서큘레이터,AIRNEST,189000,151200,20,27,3717000,
2026,3,03/29,일,4,9100000014,벨벳 립 틴트,GLOWMATE,32000,24000,25,145,2992000,
2026,3,03/29,일,5,9100000006,스포츠 트레이닝 팬츠,MOTION LAB,99000,59400,40,57,2922000,
2026,3,03/29,일,6,9100000022,전기 토스터,MORNING BREW,119000,101200,15,35,4117000,
2026,3,03/29,일,7,9100000012,진정 세럼,PURELAB,59000,41300,30,70,3411000,
2026,3,03/29,일,8,9100000026,시그니처 디저트 세트,DAILY PANTRY,59000,50200,15,55,2684000,
2026,3,03/30,월,1,9100000001,여성 캐시미어 블렌드 니트,LUMEN,189000,170100,10,19,3189000,
2026,3,03/30,월,2,9100000002,여성 울 블렌드 가디건,LUMEN,219000,197100,10,22,4395000,
2026,3,03/30,월,3,9100000009,레더 미니 숄더백,ATELIER BAG,329000,230300,30,32,7491000,
2026,3,03/30,월,4,9100000025,프리미엄 견과 선물세트,DAILY PANTRY,69000,44800,35,93,4454000,
2026,3,03/30,월,5,9100000022,전기 토스터,MORNING BREW,119000,77400,35,74,5106000,
2026,4,04/01,수,1,9100000020,세라믹 냄비 세트,HOME TABLE,249000,199200,20,19,4488000,
2026,4,04/01,수,2,9100000002,여성 울 블렌드 가디건,LUMEN,219000,109500,50,51,5160000,
2026,4,04/01,수,3,9100000012,진정 세럼,PURELAB,59000,44200,25,151,6375000,
2026,4,04/01,수,4,9100000011,수분 장벽 크림,PURELAB,68000,37400,45,208,7309000,
2026,4,04/01,수,5,9100000004,남성 테이퍼드 팬츠,NORDEN,159000,143100,10,35,4226000,
2026,4,04/01,수,6,9100000001,여성 캐시미어 블렌드 니트,LUMEN,189000,122800,35,26,3320000,
2026,4,04/01,수,7,9100000015,오드퍼퓸 50ML,SCENT ARCHIVE,168000,151200,10,62,8500000,
2026,4,04/01,수,8,9100000013,글로우 쿠션 파운데이션,GLOWMATE,52000,28600,45,138,3958000,
2026,4,04/04,토,1,9100000022,전기 토스터,MORNING BREW,119000,59500,50,125,6678000,
2026,4,04/04,토,2,9100000023,미니 공기청정기,AIRNEST,299000,149500,50,25,3763000,
2026,4,04/04,토,3,9100000004,남성 테이퍼드 팬츠,NORDEN,159000,135200,15,24,2993000,
2026,4,04/04,토,4,9100000013,글로우 쿠션 파운데이션,GLOWMATE,52000,26000,50,270,7120000,
2026,4,04/04,토,5,9100000010,데일리 토트백,ATELIER BAG,259000,142400,45,45,6403000,
2026,4,04/04,토,6,9100000020,세라믹 냄비 세트,HOME TABLE,249000,124500,50,32,4460000,
2026,4,04/04,토,7,9100000007,골프 여성 카라 티셔츠,GREEN FAIRWAY,179000,152200,15,27,3418000,
2026,4,04/04,토,8,9100000005,러닝 경량 자켓,MOTION LAB,149000,134100,10,28,3215000,
2026,4,04/07,화,1,9100000022,전기 토스터,MORNING BREW,119000,65500,45,61,3726000,
2026,4,04/07,화,2,9100000016,퍼퓸 기프트 세트,SCENT ARCHIVE,198000,148500,25,82,10967000,
2026,4,04/07,화,3,9100000026,시그니처 디저트 세트,DAILY PANTRY,59000,50200,15,83,4392000,
2026,4,04/07,화,4,9100000004,남성 테이퍼드 팬츠,NORDEN,159000,95400,40,45,3851000,
2026,4,04/07,화,5,9100000024,무선 서큘레이터,AIRNEST,189000,113400,40,38,4883000,
2026,4,04/07,화,6,9100000005,러닝 경량 자켓,MOTION LAB,149000,126600,15,24,3548000,
2026,4,04/07,화,7,9100000018,너리싱 헤어 마스크,BOTANIC DAY,45000,29200,35,144,3578000,
2026,4,04/09,목,1,9100000005,러닝 경량 자켓,MOTION LAB,149000,74500,50,58,4561000,
2026,4,04/09,목,2,9100000011,수분 장벽 크림,PURELAB,68000,40800,40,164,7081000,
2026,4,04/09,목,3,9100000013,글로우 쿠션 파운데이션,GLOWMATE,52000,41600,20,147,5868000,
2026,4,04/09,목,4,9100000019,프리미엄 프라이팬 세트,HOME TABLE,179000,134200,25,22,3749000,
2026,4,04/09,목,5,9100000001,여성 캐시미어 블렌드 니트,LUMEN,189000,104000,45,49,4558000,
2026,4,04/09,목,6,9100000010,데일리 토트백,ATELIER BAG,259000,181300,30,34,6095000,
2026,4,04/09,목,7,9100000002,여성 울 블렌드 가디건,LUMEN,219000,120500,45,32,4228000,
2026,4,04/13,월,1,9100000010,데일리 토트백,ATELIER BAG,259000,194200,25,28,4986000,308
2026,4,04/13,월,2,9100000017,퍼퓸 바디워시,BOTANIC DAY,39000,25400,35,107,2502000,1926
2026,4,04/13,월,3,9100000023,미니 공기청정기,AIRNEST,299000,224200,25,21,5669000,497
2026,4,04/13,월,4,9100000004,남성 테이퍼드 팬츠,NORDEN,159000,127200,20,35,4051000,437
2026,4,04/13,월,5,9100000009,레더 미니 숄더백,ATELIER BAG,329000,263200,20,25,6421000,316
2026,4,04/13,월,6,9100000019,프리미엄 프라이팬 세트,HOME TABLE,179000,98500,45,66,5849000,726
2026,4,04/13,월,7,9100000016,퍼퓸 기프트 세트,SCENT ARCHIVE,198000,99000,50,70,7604000,560
2026,4,04/15,수,1,9100000011,수분 장벽 크림,PURELAB,68000,54400,20,151,8430000,1812
2026,4,04/15,수,2,9100000025,프리미엄 견과 선물세트,DAILY PANTRY,69000,55200,20,83,4067000,664
2026,4,04/15,수,3,9100000019,프리미엄 프라이팬 세트,HOME TABLE,179000,161100,10,31,4320000,447
2026,4,04/15,수,4,9100000002,여성 울 블렌드 가디건,LUMEN,219000,175200,20,36,5321000,540
2026,4,04/15,수,5,9100000010,데일리 토트백,ATELIER BAG,259000,233100,10,16,3069000,126
2026,4,04/15,수,6,9100000015,오드퍼퓸 50ML,SCENT ARCHIVE,168000,142800,15,66,8827000,924
2026,4,04/17,금,1,9100000008,골프 남성 기능성 팬츠,GREEN FAIRWAY,209000,125400,40,84,8812000,1260
2026,4,04/17,금,2,9100000002,여성 울 블렌드 가디건,LUMEN,219000,186200,15,46,7537000,690
2026,4,04/17,금,3,9100000004,남성 테이퍼드 팬츠,NORDEN,159000,111300,30,41,4636000,205
2026,4,04/17,금,4,9100000026,시그니처 디저트 세트,DAILY PANTRY,59000,50200,15,62,3106000,930
2026,4,04/17,금,5,9100000013,글로우 쿠션 파운데이션,GLOWMATE,52000,39000,25,98,3731000,1372
2026,4,04/17,금,6,9100000016,퍼퓸 기프트 세트,SCENT ARCHIVE,198000,138600,30,60,9979000,840
2026,4,04/17,금,7,9100000010,데일리 토트백,ATELIER BAG,259000,155400,40,33,4809000,363
2026,4,04/17,금,8,9100000006,스포츠 트레이닝 팬츠,MOTION LAB,99000,79200,20,28,2696000,504
2026,4,04/18,토,1,9100000013,글로우 쿠션 파운데이션,GLOWMATE,52000,44200,15,136,5818000,2176
2026,4,04/18,토,2,9100000018,너리싱 헤어 마스크,BOTANIC DAY,45000,38200,15,93,4037000,1395
2026,4,04/18,토,3,9100000026,시그니처 디저트 세트,DAILY PANTRY,59000,47200,20,132,5801000,660
2026,4,04/18,토,4,9100000017,퍼퓸 바디워시,BOTANIC DAY,39000,21400,45,160,4032000,1120
2026,4,04/18,토,5,9100000016,퍼퓸 기프트 세트,SCENT ARCHIVE,198000,148500,25,50,8897000,485
2026,4,04/19,일,1,9100000017,퍼퓸 바디워시,BOTANIC DAY,39000,23400,40,210,4621000,1680
2026,4,04/19,일,2,9100000010,데일리 토트백,ATELIER BAG,259000,233100,10,25,5874000,425
2026,4,04/19,일,3,9100000012,진정 세럼,PURELAB,59000,29500,50,214,6112000,3424
2026,4,04/19,일,4,9100000018,너리싱 헤어 마스크,BOTANIC DAY,45000,22500,50,210,3935000,2940
2026,4,04/19,일,5,9100000006,스포츠 트레이닝 팬츠,MOTION LAB,99000,49500,50,46,2707000,828
2026,4,04/20,월,1,9100000005,러닝 경량 자켓,MOTION LAB,149000,111800,25,46,5607000,736
2026,4,04/20,월,2,9100000010,데일리 토트백,ATELIER BAG,259000,155400,40,20,3426000,432
2026,4,04/20,월,3,9100000007,골프 여성 카라 티셔츠,GREEN FAIRWAY,179000,143200,20,29,4904000,446
2026,4,04/20,월,4,9100000026,시그니처 디저트 세트,DAILY PANTRY,59000,35400,40,130,5364000,1040
2026,4,04/20,월,5,9100000020,세라믹 냄비 세트,HOME TABLE,249000,174300,30,46,7374000,465
2026,4,04/20,월,6,9100000018,너리싱 헤어 마스크,BOTANIC DAY,45000,29200,35,115,3168000,1495
2026,4,04/21,화,1,9100000011,수분 장벽 크림,PURELAB,68000,57800,15,103,5899000,1545
2026,4,04/21,화,2,9100000014,벨벳 립 틴트,GLOWMATE,32000,19200,40,169,3064000,1690
2026,4,04/21,화,3,9100000013,글로우 쿠션 파운데이션,GLOWMATE,52000,36400,30,130,4217000,1170
2026,4,04/21,화,4,9100000001,여성 캐시미어 블렌드 니트,LUMEN,189000,160600,15,30,4094000,330
2026,4,04/21,화,5,9100000020,세라믹 냄비 세트,HOME TABLE,249000,211600,15,20,3856000,401
2026,4,04/21,화,6,9100000008,골프 남성 기능성 팬츠,GREEN FAIRWAY,209000,115000,45,31,3794000,434
2026,4,04/22,수,1,9100000002,여성 울 블렌드 가디건,LUMEN,219000,175200,20,37,5906000,629
2026,4,04/22,수,2,9100000006,스포츠 트레이닝 팬츠,MOTION LAB,99000,49500,50,100,4362000,1200
2026,4,04/22,수,3,9100000011,수분 장벽 크림,PURELAB,68000,54400,20,120,6076000,1920
2026,4,04/22,수,4,9100000025,프리미엄 견과 선물세트,DAILY PANTRY,69000,55200,20,66,3549000,594
2026,4,04/22,수,5,9100000013,글로우 쿠션 파운데이션,GLOWMATE,52000,33800,35,166,6236000,2324
2026,4,04/24,금,1,9100000026,시그니처 디저트 세트,DAILY PANTRY,59000,44200,25,121,4665000,1089
2026,4,04/24,금,2,9100000015,오드퍼퓸 50ML,SCENT ARCHIVE,168000,109200,35,114,11818000,684
2026,4,04/24,금,3,9100000017,퍼퓸 바디워시,BOTANIC DAY,39000,29200,25,140,4708000,700
2026,4,04/24,금,4,9100000010,데일리 토트백,ATELIER BAG,259000,181300,30,32,5752000,576
2026,4,04/24,금,5,9100000009,레더 미니 숄더백,ATELIER BAG,329000,197400,40,39,6582000,345
2026,4,04/24,금,6,9100000014,벨벳 립 틴트,GLOWMATE,32000,17600,45,299,4389000,3887
2026,4,04/24,금,7,9100000024,무선 서큘레이터,AIRNEST,189000,160600,15,24,3614000,481
2026,4,04/25,토,1,9100000023,미니 공기청정기,AIRNEST,299000,164400,45,54,8284000,918
2026,4,04/25,토,2,9100000018,너리싱 헤어 마스크,BOTANIC DAY,45000,33800,25,80,2866000,560
2026,4,04/25,토,3,9100000024,무선 서큘레이터,AIRNEST,189000,122800,35,50,6299000,550
2026,4,04/25,토,4,9100000012,진정 세럼,PURELAB,59000,38400,35,236,9676000,3540
2026,4,04/25,토,5,9100000008,골프 남성 기능성 팬츠,GREEN FAIRWAY,209000,104500,50,75,6882000,675
2026,4,04/25,토,6,9100000017,퍼퓸 바디워시,BOTANIC DAY,39000,21400,45,110,2654000,1760
2026,4,04/25,토,7,9100000020,세라믹 냄비 세트,HOME TABLE,249000,149400,40,28,4482000,420
2026,4,04/25,토,8,9100000002,여성 울 블렌드 가디건,LUMEN,219000,197100,10,37,6315000,666
2026,4,04/26,일,1,9100000020,세라믹 냄비 세트,HOME TABLE,249000,211600,15,21,3781000,305
2026,4,04/26,일,2,9100000015,오드퍼퓸 50ML,SCENT ARCHIVE,168000,109200,35,48,5353000,384
2026,4,04/26,일,3,9100000011,수분 장벽 크림,PURELAB,68000,34000,50,169,6683000,1014
2026,4,04/26,일,4,9100000010,데일리 토트백,ATELIER BAG,259000,233100,10,14,3150000,340
2026,4,04/26,일,5,9100000012,진정 세럼,PURELAB,59000,35400,40,152,5676000,1064
2026,4,04/28,화,1,9100000022,전기 토스터,MORNING BREW,119000,89200,25,38,3695000,302
2026,4,04/28,화,2,9100000015,오드퍼퓸 50ML,SCENT ARCHIVE,168000,100800,40,109,9487000,763
2026,4,04/28,화,3,9100000006,스포츠 트레이닝 팬츠,MOTION LAB,99000,74200,25,81,5073000,729
2026,4,04/28,화,4,9100000005,러닝 경량 자켓,MOTION LAB,149000,89400,40,55,4930000,825
2026,4,04/28,화,5,9100000012,진정 세럼,PURELAB,59000,47200,20,127,5419000,1397
2026,4,04/28,화,6,9100000014,벨벳 립 틴트,GLOWMATE,32000,19200,40,174,2820000,2958
2026,4,04/28,화,7,9100000001,여성 캐시미어 블렌드 니트,LUMEN,189000,151200,20,22,3319000,450
2026,4,04/28,화,8,9100000026,시그니처 디저트 세트,DAILY PANTRY,59000,44200,25,64,2517000,704
2026,4,04/30,목,1,9100000010,데일리 토트백,ATELIER BAG,259000,129500,50,30,4320000,234
2026,4,04/30,목,2,9100000016,퍼퓸 기프트 세트,SCENT ARCHIVE,198000,148500,25,67,10265000,804
2026,4,04/30,목,3,9100000003,남성 클래식 셔츠,NORDEN,129000,109600,15,33,3579000,231
2026,4,04/30,목,4,9100000014,벨벳 립 틴트,GLOWMATE,32000,25600,20,117,3511000,585
2026,4,04/30,목,5,9100000008,골프 남성 기능성 팬츠,GREEN FAIRWAY,209000,156800,25,47,7537000,658
2026,4,04/30,목,6,9100000020,세라믹 냄비 세트,HOME TABLE,249000,211600,15,30,6627000,390
2026,4,04/30,목,7,9100000005,러닝 경량 자켓,MOTION LAB,149000,111800,25,33,3830000,361
2026,5,05/01,금,1,9100000010,데일리 토트백,ATELIER BAG,259000,155400,40,41,5449000,287
2026,5,05/01,금,2,9100000004,남성 테이퍼드 팬츠,NORDEN,159000,143100,10,22,2853000,246
2026,5,05/01,금,3,9100000009,레더 미니 숄더백,ATELIER BAG,329000,181000,45,33,5788000,363
2026,5,05/01,금,4,9100000012,진정 세럼,PURELAB,59000,41300,30,252,11021000,2268
2026,5,05/01,금,5,9100000023,미니 공기청정기,AIRNEST,299000,254200,15,26,6110000,442
2026,5,05/02,토,1,9100000024,무선 서큘레이터,AIRNEST,189000,132300,30,32,4506000,192
2026,5,05/02,토,2,9100000025,프리미엄 견과 선물세트,DAILY PANTRY,69000,58600,15,71,3523000,1065
2026,5,05/02,토,3,9100000019,프리미엄 프라이팬 세트,HOME TABLE,179000,134200,25,57,6515000,379
2026,5,05/02,토,4,9100000017,퍼퓸 바디워시,BOTANIC DAY,39000,25400,35,124,3184000,2108
2026,5,05/02,토,5,9100000020,세라믹 냄비 세트,HOME TABLE,249000,124500,50,46,7008000,368
2026,5,05/02,토,6,9100000012,진정 세럼,PURELAB,59000,29500,50,303,7727000,5151
2026,5,05/02,토,7,9100000008,골프 남성 기능성 팬츠,GREEN FAIRWAY,209000,135800,35,56,7781000,896
2026,5,05/04,월,1,9100000017,퍼퓸 바디워시,BOTANIC DAY,39000,35100,10,102,4339000,1632
2026,5,05/04,월,2,9100000026,시그니처 디저트 세트,DAILY PANTRY,59000,35400,40,136,4759000,1768
2026,5,05/04,월,3,9100000001,여성 캐시미어 블렌드 니트,LUMEN,189000,151200,20,33,4993000,499
2026,5,05/04,월,4,9100000006,스포츠 트레이닝 팬츠,MOTION LAB,99000,59400,40,56,3684000,392
2026,5,05/04,월,5,9100000020,세라믹 냄비 세트,HOME TABLE,249000,199200,20,31,5876000,362
2026,5,05/04,월,6,9100000009,레더 미니 숄더백,ATELIER BAG,329000,181000,45,31,5159000,279
2026,5,05/04,월,7,9100000005,러닝 경량 자켓,MOTION LAB,149000,111800,25,31,3870000,187
2026,5,05/04,월,8,9100000010,데일리 토트백,ATELIER BAG,259000,194200,25,13,2859000,427
2026,5,05/05,화,1,9100000005,러닝 경량 자켓,MOTION LAB,149000,126600,15,26,3568000,364
2026,5,05/05,화,2,9100000009,레더 미니 숄더백,ATELIER BAG,329000,213800,35,23,4522000,299
2026,5,05/05,화,3,9100000002,여성 울 블렌드 가디건,LUMEN,219000,175200,20,35,5821000,350
2026,5,05/05,화,4,9100000021,드립 커피메이커,MORNING BREW,159000,143100,10,42,6796000,378
2026,5,05/05,화,5,9100000008,골프 남성 기능성 팬츠,GREEN FAIRWAY,209000,146300,30,56,8061000,1008
2026,5,05/05,화,6,9100000007,골프 여성 카라 티셔츠,GREEN FAIRWAY,179000,152200,15,40,5682000,600
2026,5,05/05,화,7,9100000018,너리싱 헤어 마스크,BOTANIC DAY,45000,22500,50,105,2414000,1050
2026,5,05/06,수,1,9100000005,러닝 경량 자켓,MOTION LAB,149000,82000,45,53,4984000,954
2026,5,05/06,수,2,9100000015,오드퍼퓸 50ML,SCENT ARCHIVE,168000,126000,25,88,9378000,616
2026,5,05/06,수,3,9100000008,골프 남성 기능성 팬츠,GREEN FAIRWAY,209000,146300,30,27,4580000,301
2026,5,05/06,수,4,9100000014,벨벳 립 틴트,GLOWMATE,32000,24000,25,109,3146000,872
2026,5,05/06,수,5,9100000012,진정 세럼,PURELAB,59000,35400,40,148,5193000,2368
2026,5,05/06,수,6,9100000026,시그니처 디저트 세트,DAILY PANTRY,59000,53100,10,78,4353000,390
2026,5,05/06,수,7,9100000016,퍼퓸 기프트 세트,SCENT ARCHIVE,198000,178200,10,52,8748000,260
2026,5,05/06,수,8,9100000003,남성 클래식 셔츠,NORDEN,129000,96800,25,33,3565000,495
2026,5,05/07,목,1,9100000026,시그니처 디저트 세트,DAILY PANTRY,59000,50200,15,81,4076000,1134
2026,5,05/07,목,2,9100000004,남성 테이퍼드 팬츠,NORDEN,159000,127200,20,29,3718000,232
2026,5,05/07,목,3,9100000018,너리싱 헤어 마스크,BOTANIC DAY,45000,22500,50,203,4337000,1218
2026,5,05/07,목,4,9100000024,무선 서큘레이터,AIRNEST,189000,170100,10,17,3196000,312
2026,5,05/07,목,5,9100000011,수분 장벽 크림,PURELAB,68000,54400,20,81,4934000,648
2026,5,05/08,금,1,9100000021,드립 커피메이커,MORNING BREW,159000,127200,20,73,10471000,657
2026,5,05/08,금,2,9100000010,데일리 토트백,ATELIER BAG,259000,220200,15,23,6097000,138
2026,5,05/08,금,3,9100000008,골프 남성 기능성 팬츠,GREEN FAIRWAY,209000,167200,20,33,5490000,462
2026,5,05/08,금,4,9100000022,전기 토스터,MORNING BREW,119000,71400,40,64,4282000,576
2026,5,05/08,금,5,9100000013,글로우 쿠션 파운데이션,GLOWMATE,52000,36400,30,132,5716000,1584
2026,5,05/08,금,6,9100000004,남성 테이퍼드 팬츠,NORDEN,159000,103400,35,58,5352000,928
2026,5,05/08,금,7,9100000016,퍼퓸 기프트 세트,SCENT ARCHIVE,198000,178200,10,67,10065000,1139
2026,5,05/09,토,1,9100000013,글로우 쿠션 파운데이션,GLOWMATE,52000,31200,40,267,9126000,1602
2026,5,05/09,토,2,9100000015,오드퍼퓸 50ML,SCENT ARCHIVE,168000,134400,20,50,7086000,500
2026,5,05/09,토,3,9100000024,무선 서큘레이터,AIRNEST,189000,113400,40,52,4961000,728
2026,5,05/09,토,4,9100000016,퍼퓸 기프트 세트,SCENT ARCHIVE,198000,128700,35,65,7133000,520
2026,5,05/09,토,5,9100000003,남성 클래식 셔츠,NORDEN,129000,77400,40,46,3541000,552
2026,5,05/09,토,6,9100000004,남성 테이퍼드 팬츠,NORDEN,159000,79500,50,52,4334000,728
2026,5,05/10,일,1,9100000023,미니 공기청정기,AIRNEST,299000,269100,10,18,5010000,156
2026,5,05/10,일,2,9100000003,남성 클래식 셔츠,NORDEN,129000,116100,10,33,4064000,594
2026,5,05/10,일,3,9100000008,골프 남성 기능성 팬츠,GREEN FAIRWAY,209000,167200,20,27,5201000,486
2026,5,05/10,일,4,9100000012,진정 세럼,PURELAB,59000,35400,40,183,5735000,915
2026,5,05/10,일,5,9100000001,여성 캐시미어 블렌드 니트,LUMEN,189000,151200,20,26,3608000,293
2026,5,05/10,일,6,9100000007,골프 여성 카라 티셔츠,GREEN FAIRWAY,179000,161100,10,33,5476000,459
2026,5,05/11,월,1,9100000016,퍼퓸 기프트 세트,SCENT ARCHIVE,198000,128700,35,51,7283000,391
2026,5,05/11,월,2,9100000020,세라믹 냄비 세트,HOME TABLE,249000,149400,40,28,4875000,448
2026,5,05/11,월,3,9100000006,스포츠 트레이닝 팬츠,MOTION LAB,99000,49500,50,82,4426000,902
2026,5,05/11,월,4,9100000001,여성 캐시미어 블렌드 니트,LUMEN,189000,122800,35,44,5102000,246
2026,5,05/11,월,5,9100000005,러닝 경량 자켓,MOTION LAB,149000,126600,15,31,3371000,409
2026,5,05/13,수,1,9100000013,글로우 쿠션 파운데이션,GLOWMATE,52000,36400,30,248,9004000,3968
2026,5,05/13,수,2,9100000014,벨벳 립 틴트,GLOWMATE,32000,19200,40,308,6504000,1848
2026,5,05/13,수,3,9100000022,전기 토스터,MORNING BREW,119000,71400,40,86,7231000,688
2026,5,05/13,수,4,9100000015,오드퍼퓸 50ML,SCENT ARCHIVE,168000,151200,10,36,6153000,576
2026,5,05/13,수,5,9100000018,너리싱 헤어 마스크,BOTANIC DAY,45000,38200,15,102,3953000,1020
2026,5,05/14,목,1,9100000006,스포츠 트레이닝 팬츠,MOTION LAB,99000,84200,15,40,3243000,720
2026,5,05/14,목,2,9100000002,여성 울 블렌드 가디건,LUMEN,219000,197100,10,23,5323000,138
2026,5,05/14,목,3,9100000012,진정 세럼,PURELAB,59000,44200,25,210,8413000,1890
2026,5,05/14,목,4,9100000021,드립 커피메이커,MORNING BREW,159000,79500,50,74,5032000,592
2026,5,05/14,목,5,9100000014,벨벳 립 틴트,GLOWMATE,32000,27200,15,209,5538000,2926
2026,5,05/14,목,6,9100000007,골프 여성 카라 티셔츠,GREEN FAIRWAY,179000,161100,10,19,3669000,171
2026,5,05/14,목,7,9100000009,레더 미니 숄더백,ATELIER BAG,329000,213800,35,38,6857000,494
2026,5,05/14,목,8,9100000004,남성 테이퍼드 팬츠,NORDEN,159000,103400,35,46,4373000,459
2026,5,05/15,금,1,9100000014,벨벳 립 틴트,GLOWMATE,32000,19200,40,337,5636000,1685
2026,5,05/15,금,2,9100000024,무선 서큘레이터,AIRNEST,189000,151200,20,27,4090000,405
2026,5,05/15,금,3,9100000017,퍼퓸 바디워시,BOTANIC DAY,39000,29200,25,189,4921000,2835
2026,5,05/15,금,4,9100000004,남성 테이퍼드 팬츠,NORDEN,159000,127200,20,44,5612000,704
2026,5,05/15,금,5,9100000025,프리미엄 견과 선물세트,DAILY PANTRY,69000,34500,50,183,6749000,3111
2026,5,05/15,금,6,9100000005,러닝 경량 자켓,MOTION LAB,149000,96800,35,54,5011000,594
2026,5,05/15,금,7,9100000001,여성 캐시미어 블렌드 니트,LUMEN,189000,113400,40,48,4539000,672
2026,5,05/17,일,1,9100000004,남성 테이퍼드 팬츠,NORDEN,159000,87400,45,49,3637000,343
2026,5,05/17,일,2,9100000001,여성 캐시미어 블렌드 니트,LUMEN,189000,132300,30,44,6162000,264
2026,5,05/17,일,3,9100000005,러닝 경량 자켓,MOTION LAB,149000,82000,45,55,4537000,495
2026,5,05/17,일,4,9100000010,데일리 토트백,ATELIER BAG,259000,142400,45,33,5516000,391
2026,5,05/17,일,5,9100000018,너리싱 헤어 마스크,BOTANIC DAY,45000,24800,45,105,2276000,1155
2026,5,05/17,일,6,9100000003,남성 클래식 셔츠,NORDEN,129000,103200,20,28,2827000,392
2026,5,05/17,일,7,9100000016,퍼퓸 기프트 세트,SCENT ARCHIVE,198000,128700,35,42,5581000,504
2026,5,05/17,일,8,9100000026,시그니처 디저트 세트,DAILY PANTRY,59000,53100,10,77,3887000,1232
2026,5,05/18,월,1,9100000005,러닝 경량 자켓,MOTION LAB,149000,89400,40,73,7303000,1314
2026,5,05/18,월,2,9100000004,남성 테이퍼드 팬츠,NORDEN,159000,135200,15,23,3119000,338
2026,5,05/18,월,3,9100000010,데일리 토트백,ATELIER BAG,259000,220200,15,16,3239000,493
2026,5,05/18,월,4,9100000013,글로우 쿠션 파운데이션,GLOWMATE,52000,31200,40,128,4292000,1280
2026,5,05/18,월,5,9100000006,스포츠 트레이닝 팬츠,MOTION LAB,99000,54500,45,61,3039000,366
2026,5,05/19,화,1,9100000016,퍼퓸 기프트 세트,SCENT ARCHIVE,198000,178200,10,74,11886000,370
2026,5,05/19,화,2,9100000005,러닝 경량 자켓,MOTION LAB,149000,89400,40,77,7725000,616
2026,5,05/19,화,3,9100000021,드립 커피메이커,MORNING BREW,159000,95400,40,59,5377000,354
2026,5,05/19,화,4,9100000007,골프 여성 카라 티셔츠,GREEN FAIRWAY,179000,152200,15,24,4442000,464
2026,5,05/19,화,5,9100000011,수분 장벽 크림,PURELAB,68000,37400,45,243,8997000,3645
2026,5,05/19,화,6,9100000019,프리미엄 프라이팬 세트,HOME TABLE,179000,143200,20,34,5870000,374
2026,5,05/21,목,1,9100000012,진정 세럼,PURELAB,59000,35400,40,242,7965000,2662
2026,5,05/21,목,2,9100000014,벨벳 립 틴트,GLOWMATE,32000,16000,50,381,5872000,2286
2026,5,05/21,목,3,9100000016,퍼퓸 기프트 세트,SCENT ARCHIVE,198000,158400,20,63,8388000,1008
2026,5,05/21,목,4,9100000024,무선 서큘레이터,AIRNEST,189000,122800,35,32,3343000,355
2026,5,05/21,목,5,9100000018,너리싱 헤어 마스크,BOTANIC DAY,45000,29200,35,114,2806000,1254
2026,5,05/21,목,6,9100000006,스포츠 트레이닝 팬츠,MOTION LAB,99000,49500,50,111,4581000,1998
2026,5,05/22,금,1,9100000002,여성 울 블렌드 가디건,LUMEN,219000,109500,50,86,9008000,688
2026,5,05/22,금,2,9100000007,골프 여성 카라 티셔츠,GREEN FAIRWAY,179000,134200,25,82,9271000,1148
2026,5,05/22,금,3,9100000024,무선 서큘레이터,AIRNEST,189000,122800,35,44,6721000,396
2026,5,05/22,금,4,9100000014,벨벳 립 틴트,GLOWMATE,32000,27200,15,201,5155000,2412
2026,5,05/22,금,5,9100000023,미니 공기청정기,AIRNEST,299000,179400,40,34,5452000,374
2026,5,05/24,일,1,9100000015,오드퍼퓸 50ML,SCENT ARCHIVE,168000,134400,20,64,9052000,1152
2026,5,05/24,일,2,9100000014,벨벳 립 틴트,GLOWMATE,32000,19200,40,287,5093000,5166
2026,5,05/24,일,3,9100000012,진정 세럼,PURELAB,59000,50200,15,133,7928000,1995
2026,5,05/24,일,4,9100000006,스포츠 트레이닝 팬츠,MOTION LAB,99000,59400,40,54,2921000,756
2026,5,05/24,일,5,9100000018,너리싱 헤어 마스크,BOTANIC DAY,45000,38200,15,86,3298000,1462
2026,5,05/24,일,6,9100000020,세라믹 냄비 세트,HOME TABLE,249000,174300,30,37,7296000,629
2026,5,05/25,월,1,9100000007,골프 여성 카라 티셔츠,GREEN FAIRWAY,179000,98500,45,69,6019000,1104
2026,5,05/25,월,2,9100000016,퍼퓸 기프트 세트,SCENT ARCHIVE,198000,118800,40,47,5880000,376
2026,5,05/25,월,3,9100000004,남성 테이퍼드 팬츠,NORDEN,159000,111300,30,31,3221000,312
2026,5,05/25,월,4,9100000012,진정 세럼,PURELAB,59000,44200,25,114,4348000,570
2026,5,05/25,월,5,9100000026,시그니처 디저트 세트,DAILY PANTRY,59000,53100,10,52,2894000,936
2026,5,05/27,수,1,9100000006,스포츠 트레이닝 팬츠,MOTION LAB,99000,59400,40,114,6068000,1596
2026,5,05/27,수,2,9100000019,프리미엄 프라이팬 세트,HOME TABLE,179000,143200,20,51,7585000,816
2026,5,05/27,수,3,9100000014,벨벳 립 틴트,GLOWMATE,32000,19200,40,324,6176000,3564
2026,5,05/27,수,4,9100000008,골프 남성 기능성 팬츠,GREEN FAIRWAY,209000,177600,15,32,6645000,423
2026,5,05/27,수,5,9100000018,너리싱 헤어 마스크,BOTANIC DAY,45000,27000,40,174,4468000,1566
2026,5,05/27,수,6,9100000013,글로우 쿠션 파운데이션,GLOWMATE,52000,41600,20,150,7087000,900
2026,5,05/27,수,7,9100000007,골프 여성 카라 티셔츠,GREEN FAIRWAY,179000,107400,40,38,3666000,266
2026,5,05/28,목,1,9100000019,프리미엄 프라이팬 세트,HOME TABLE,179000,98500,45,81,7152000,567
2026,5,05/28,목,2,9100000013,글로우 쿠션 파운데이션,GLOWMATE,52000,39000,25,145,5565000,1160
2026,5,05/28,목,3,9100000001,여성 캐시미어 블렌드 니트,LUMEN,189000,113400,40,68,7269000,612
2026,5,05/28,목,4,9100000024,무선 서큘레이터,AIRNEST,189000,151200,20,36,5220000,504
2026,5,05/28,목,5,9100000005,러닝 경량 자켓,MOTION LAB,149000,126600,15,40,4911000,240
2026,5,05/29,금,1,9100000003,남성 클래식 셔츠,NORDEN,129000,109600,15,28,3857000,349
2026,5,05/29,금,2,9100000026,시그니처 디저트 세트,DAILY PANTRY,59000,50200,15,79,4074000,790
2026,5,05/29,금,3,9100000016,퍼퓸 기프트 세트,SCENT ARCHIVE,198000,108900,45,100,12528000,500
2026,5,05/29,금,4,9100000012,진정 세럼,PURELAB,59000,53100,10,95,5366000,950
2026,5,05/29,금,5,9100000007,골프 여성 카라 티셔츠,GREEN FAIRWAY,179000,89500,50,45,3982000,405
2026,5,05/29,금,6,9100000013,글로우 쿠션 파운데이션,GLOWMATE,52000,39000,25,164,6300000,2132
2026,5,05/31,일,1,9100000004,남성 테이퍼드 팬츠,NORDEN,159000,127200,20,27,3405000,278
2026,5,05/31,일,2,9100000007,골프 여성 카라 티셔츠,GREEN FAIRWAY,179000,89500,50,72,6486000,1224
2026,5,05/31,일,3,9100000001,여성 캐시미어 블렌드 니트,LUMEN,189000,113400,40,47,5532000,376
2026,5,05/31,일,4,9100000011,수분 장벽 크림,PURELAB,68000,54400,20,117,5582000,1872
2026,5,05/31,일,5,9100000005,러닝 경량 자켓,MOTION LAB,149000,89400,40,46,3646000,644
2026,5,05/31,일,6,9100000008,골프 남성 기능성 팬츠,GREEN FAIRWAY,209000,167200,20,46,6565000,552
2026,5,05/31,일,7,9100000003,남성 클래식 셔츠,NORDEN,129000,71000,45,43,2781000,774
2026,6,06/01,월,1,9100000014,벨벳 립 틴트,GLOWMATE,32000,25600,20,275,5948000,2475
2026,6,06/01,월,2,9100000007,골프 여성 카라 티셔츠,GREEN FAIRWAY,179000,107400,40,55,5200000,825
2026,6,06/01,월,3,9100000019,프리미엄 프라이팬 세트,HOME TABLE,179000,116400,35,36,5009000,612
2026,6,06/01,월,4,9100000012,진정 세럼,PURELAB,59000,35400,40,220,8245000,1320
2026,6,06/01,월,5,9100000023,미니 공기청정기,AIRNEST,299000,194400,35,27,4777000,162
2026,6,06/01,월,6,9100000021,드립 커피메이커,MORNING BREW,159000,103400,35,67,6410000,536
2026,6,06/01,월,7,9100000003,남성 클래식 셔츠,NORDEN,129000,83800,35,46,3782000,506
2026,6,06/01,월,8,9100000015,오드퍼퓸 50ML,SCENT ARCHIVE,168000,126000,25,45,6805000,466
2026,6,06/02,화,1,9100000019,프리미엄 프라이팬 세트,HOME TABLE,179000,107400,40,45,5223000,360
2026,6,06/02,화,2,9100000021,드립 커피메이커,MORNING BREW,159000,87400,45,91,6645000,1001
2026,6,06/02,화,3,9100000014,벨벳 립 틴트,GLOWMATE,32000,27200,15,152,3978000,2128
2026,6,06/02,화,4,9100000022,전기 토스터,MORNING BREW,119000,89200,25,52,5081000,780
2026,6,06/02,화,5,9100000025,프리미엄 견과 선물세트,DAILY PANTRY,69000,62100,10,82,5560000,1476
2026,6,06/03,수,1,9100000011,수분 장벽 크림,PURELAB,68000,57800,15,164,9822000,1476
2026,6,06/03,수,2,9100000021,드립 커피메이커,MORNING BREW,159000,103400,35,79,8461000,1027
2026,6,06/03,수,3,9100000001,여성 캐시미어 블렌드 니트,LUMEN,189000,122800,35,40,6021000,456
2026,6,06/03,수,4,9100000003,남성 클래식 셔츠,NORDEN,129000,71000,45,52,3479000,312
2026,6,06/03,수,5,9100000016,퍼퓸 기프트 세트,SCENT ARCHIVE,198000,168300,15,26,5275000,171
2026,6,06/04,목,1,9100000023,미니 공기청정기,AIRNEST,299000,194400,35,45,8636000,452
2026,6,06/04,목,2,9100000024,무선 서큘레이터,AIRNEST,189000,170100,10,26,3971000,156
2026,6,06/04,목,3,9100000014,벨벳 립 틴트,GLOWMATE,32000,22400,30,150,3611000,2100
2026,6,06/04,목,4,9100000008,골프 남성 기능성 팬츠,GREEN FAIRWAY,209000,146300,30,63,7845000,882
2026,6,06/04,목,5,9100000006,스포츠 트레이닝 팬츠,MOTION LAB,99000,84200,15,39,2871000,663
2026,6,06/04,목,6,9100000003,남성 클래식 셔츠,NORDEN,129000,77400,40,51,3706000,663
2026,6,06/04,목,7,9100000007,골프 여성 카라 티셔츠,GREEN FAIRWAY,179000,134200,25,47,5933000,423
2026,6,06/06,토,1,9100000009,레더 미니 숄더백,ATELIER BAG,329000,213800,35,40,7509000,600
2026,6,06/06,토,2,9100000025,프리미엄 견과 선물세트,DAILY PANTRY,69000,51800,25,102,6386000,1224
2026,6,06/06,토,3,9100000010,데일리 토트백,ATELIER BAG,259000,194200,25,17,3636000,306
2026,6,06/06,토,4,9100000023,미니 공기청정기,AIRNEST,299000,224200,25,24,5721000,432
2026,6,06/06,토,5,9100000003,남성 클래식 셔츠,NORDEN,129000,64500,50,47,3264000,462
2026,6,06/07,일,1,9100000017,퍼퓸 바디워시,BOTANIC DAY,39000,21400,45,221,4704000,3757
2026,6,06/07,일,2,9100000004,남성 테이퍼드 팬츠,NORDEN,159000,119200,25,22,2692000,330
2026,6,06/07,일,3,9100000005,러닝 경량 자켓,MOTION LAB,149000,126600,15,34,3695000,544
2026,6,06/07,일,4,9100000008,골프 남성 기능성 팬츠,GREEN FAIRWAY,209000,156800,25,24,3867000,216
2026,6,06/07,일,5,9100000012,진정 세럼,PURELAB,59000,32500,45,226,7483000,2034
2026,6,06/07,일,6,9100000013,글로우 쿠션 파운데이션,GLOWMATE,52000,26000,50,129,3461000,903
2026,6,06/08,월,1,9100000002,여성 울 블렌드 가디건,LUMEN,219000,131400,40,35,5277000,404
2026,6,06/08,월,2,9100000015,오드퍼퓸 50ML,SCENT ARCHIVE,168000,117600,30,75,8806000,825
2026,6,06/08,월,3,9100000009,레더 미니 숄더백,ATELIER BAG,329000,296100,10,23,5685000,184
2026,6,06/08,월,4,9100000012,진정 세럼,PURELAB,59000,53100,10,152,7854000,1216
2026,6,06/08,월,5,9100000004,남성 테이퍼드 팬츠,NORDEN,159000,79500,50,26,2355000,458
2026,6,06/08,월,6,9100000026,시그니처 디저트 세트,DAILY PANTRY,59000,35400,40,91,3813000,1456
2026,6,06/08,월,7,9100000013,글로우 쿠션 파운데이션,GLOWMATE,52000,36400,30,120,5021000,960
2026,6,06/09,화,1,9100000024,무선 서큘레이터,AIRNEST,189000,132300,30,53,6579000,371
2026,6,06/09,화,2,9100000001,여성 캐시미어 블렌드 니트,LUMEN,189000,160600,15,23,4000000,276
2026,6,06/09,화,3,9100000004,남성 테이퍼드 팬츠,NORDEN,159000,143100,10,27,3911000,190
2026,6,06/09,화,4,9100000006,스포츠 트레이닝 팬츠,MOTION LAB,99000,69300,30,67,5374000,1139
2026,6,06/09,화,5,9100000017,퍼퓸 바디워시,BOTANIC DAY,39000,25400,35,179,4406000,2148
2026,6,06/09,화,6,9100000020,세라믹 냄비 세트,HOME TABLE,249000,137000,45,35,4225000,490
2026,6,06/09,화,7,9100000016,퍼퓸 기프트 세트,SCENT ARCHIVE,198000,138600,30,72,9929000,504
2026,6,06/10,수,1,9100000004,남성 테이퍼드 팬츠,NORDEN,159000,87400,45,48,4458000,624
2026,6,06/10,수,2,9100000010,데일리 토트백,ATELIER BAG,259000,142400,45,33,4779000,594
2026,6,06/10,수,3,9100000026,시그니처 디저트 세트,DAILY PANTRY,59000,41300,30,167,5946000,2839
2026,6,06/10,수,4,9100000024,무선 서큘레이터,AIRNEST,189000,104000,45,36,3459000,576
2026,6,06/10,수,5,9100000011,수분 장벽 크림,PURELAB,68000,61200,10,80,5080000,640
2026,6,06/12,금,1,9100000008,골프 남성 기능성 팬츠,GREEN FAIRWAY,209000,135800,35,40,6513000,440
2026,6,06/12,금,2,9100000019,프리미엄 프라이팬 세트,HOME TABLE,179000,152200,15,58,7726000,870
2026,6,06/12,금,3,9100000024,무선 서큘레이터,AIRNEST,189000,104000,45,80,7191000,560
2026,6,06/12,금,4,9100000023,미니 공기청정기,AIRNEST,299000,194400,35,41,8275000,451
2026,6,06/12,금,5,9100000014,벨벳 립 틴트,GLOWMATE,32000,22400,30,179,3896000,2864
2026,6,06/14,일,1,9100000019,프리미엄 프라이팬 세트,HOME TABLE,179000,143200,20,37,5794000,481
2026,6,06/14,일,2,9100000012,진정 세럼,PURELAB,59000,47200,20,123,6327000,2091
2026,6,06/14,일,3,9100000010,데일리 토트백,ATELIER BAG,259000,233100,10,17,4508000,403
2026,6,06/14,일,4,9100000004,남성 테이퍼드 팬츠,NORDEN,159000,135200,15,15,2270000,280
2026,6,06/14,일,5,9100000001,여성 캐시미어 블렌드 니트,LUMEN,189000,170100,10,16,3119000,357
2026,6,06/14,일,6,9100000016,퍼퓸 기프트 세트,SCENT ARCHIVE,198000,99000,50,48,5670000,432
2026,6,06/14,일,7,9100000005,러닝 경량 자켓,MOTION LAB,149000,111800,25,46,4390000,414
2026,6,06/14,일,8,9100000015,오드퍼퓸 50ML,SCENT ARCHIVE,168000,151200,10,39,6181000,663
2026,6,06/15,월,1,9100000013,글로우 쿠션 파운데이션,GLOWMATE,52000,31200,40,207,6955000,2898
2026,6,06/15,월,2,9100000004,남성 테이퍼드 팬츠,NORDEN,159000,119200,25,25,3115000,254
2026,6,06/15,월,3,9100000009,레더 미니 숄더백,ATELIER BAG,329000,230300,30,19,4189000,336
2026,6,06/15,월,4,9100000010,데일리 토트백,ATELIER BAG,259000,129500,50,31,3593000,558
2026,6,06/15,월,5,9100000020,세라믹 냄비 세트,HOME TABLE,249000,211600,15,18,3861000,357
2026,6,06/15,월,6,9100000023,미니 공기청정기,AIRNEST,299000,194400,35,25,4975000,310
2026,6,06/15,월,7,9100000006,스포츠 트레이닝 팬츠,MOTION LAB,99000,54500,45,45,2390000,765
2026,6,06/15,월,8,9100000019,프리미엄 프라이팬 세트,HOME TABLE,179000,152200,15,32,4718000,288
2026,6,06/16,화,1,9100000005,러닝 경량 자켓,MOTION LAB,149000,119200,20,37,5530000,629
2026,6,06/16,화,2,9100000020,세라믹 냄비 세트,HOME TABLE,249000,124500,50,41,6182000,238
2026,6,06/16,화,3,9100000018,너리싱 헤어 마스크,BOTANIC DAY,45000,38200,15,65,2942000,585
2026,6,06/16,화,4,9100000019,프리미엄 프라이팬 세트,HOME TABLE,179000,98500,45,69,5967000,479
2026,6,06/16,화,5,9100000010,데일리 토트백,ATELIER BAG,259000,129500,50,34,5398000,364
2026,6,06/16,화,6,9100000002,여성 울 블렌드 가디건,LUMEN,219000,175200,20,39,5817000,273
2026,6,06/16,화,7,9100000013,글로우 쿠션 파운데이션,GLOWMATE,52000,41600,20,95,4276000,475
2026,6,06/17,수,1,9100000004,남성 테이퍼드 팬츠,NORDEN,159000,79500,50,34,3042000,408
2026,6,06/17,수,2,9100000003,남성 클래식 셔츠,NORDEN,129000,64500,50,44,3420000,264
2026,6,06/17,수,3,9100000001,여성 캐시미어 블렌드 니트,LUMEN,189000,113400,40,45,5816000,379
2026,6,06/17,수,4,9100000005,러닝 경량 자켓,MOTION LAB,149000,104300,30,73,7101000,1314
2026,6,06/17,수,5,9100000020,세라믹 냄비 세트,HOME TABLE,249000,211600,15,27,5394000,189
2026,6,06/17,수,6,9100000026,시그니처 디저트 세트,DAILY PANTRY,59000,44200,25,84,3381000,1092
2026,6,06/18,목,1,9100000010,데일리 토트백,ATELIER BAG,259000,155400,40,42,5821000,504
2026,6,06/18,목,2,9100000022,전기 토스터,MORNING BREW,119000,71400,40,56,4403000,388
2026,6,06/18,목,3,9100000004,남성 테이퍼드 팬츠,NORDEN,159000,95400,40,27,2802000,433
2026,6,06/18,목,4,9100000019,프리미엄 프라이팬 세트,HOME TABLE,179000,98500,45,46,3907000,339
2026,6,06/18,목,5,9100000016,퍼퓸 기프트 세트,SCENT ARCHIVE,198000,108900,45,84,7679000,840
2026,6,06/18,목,6,9100000012,진정 세럼,PURELAB,59000,29500,50,215,5470000,2795
2026,6,06/18,목,7,9100000009,레더 미니 숄더백,ATELIER BAG,329000,164500,50,24,3717000,435
2026,6,06/20,토,1,9100000009,레더 미니 숄더백,ATELIER BAG,329000,181000,45,35,6412000,525
2026,6,06/20,토,2,9100000025,프리미엄 견과 선물세트,DAILY PANTRY,69000,34500,50,191,6511000,1337
2026,6,06/20,토,3,9100000022,전기 토스터,MORNING BREW,119000,77400,35,80,6030000,1120
2026,6,06/20,토,4,9100000010,데일리 토트백,ATELIER BAG,259000,155400,40,20,3807000,320
2026,6,06/20,토,5,9100000013,글로우 쿠션 파운데이션,GLOWMATE,52000,39000,25,88,4069000,1320
2026,6,06/20,토,6,9100000003,남성 클래식 셔츠,NORDEN,129000,83800,35,57,4031000,969
2026,6,06/22,월,1,9100000024,무선 서큘레이터,AIRNEST,189000,132300,30,32,3695000,326
2026,6,06/22,월,2,9100000013,글로우 쿠션 파운데이션,GLOWMATE,52000,33800,35,218,6474000,1526
2026,6,06/22,월,3,9100000014,벨벳 립 틴트,GLOWMATE,32000,27200,15,157,4495000,2355
2026,6,06/22,월,4,9100000003,남성 클래식 셔츠,NORDEN,129000,64500,50,33,2379000,447
2026,6,06/22,월,5,9100000002,여성 울 블렌드 가디건,LUMEN,219000,153300,30,34,4710000,374
2026,6,06/22,월,6,9100000020,세라믹 냄비 세트,HOME TABLE,249000,186800,25,17,3851000,255
2026,6,06/23,화,1,9100000001,여성 캐시미어 블렌드 니트,LUMEN,189000,122800,35,44,4909000,704
2026,6,06/23,화,2,9100000012,진정 세럼,PURELAB,59000,29500,50,279,7254000,3906
2026,6,06/23,화,3,9100000014,벨벳 립 틴트,GLOWMATE,32000,16000,50,254,3878000,3302
2026,6,06/23,화,4,9100000019,프리미엄 프라이팬 세트,HOME TABLE,179000,152200,15,31,4526000,558
2026,6,06/23,화,5,9100000018,너리싱 헤어 마스크,BOTANIC DAY,45000,38200,15,60,2275000,360
2026,6,06/23,화,6,9100000003,남성 클래식 셔츠,NORDEN,129000,71000,45,37,2513000,370
2026,6,06/24,수,1,9100000009,레더 미니 숄더백,ATELIER BAG,329000,279600,15,20,6332000,412
2026,6,06/24,수,2,9100000013,글로우 쿠션 파운데이션,GLOWMATE,52000,26000,50,212,5269000,2756
2026,6,06/24,수,3,9100000023,미니 공기청정기,AIRNEST,299000,254200,15,27,5750000,434
2026,6,06/24,수,4,9100000012,진정 세럼,PURELAB,59000,53100,10,83,4534000,664
2026,6,06/24,수,5,9100000003,남성 클래식 셔츠,NORDEN,129000,116100,10,20,2254000,320
2026,6,06/24,수,6,9100000006,스포츠 트레이닝 팬츠,MOTION LAB,99000,89100,10,28,2957000,412
2026,6,06/24,수,7,9100000010,데일리 토트백,ATELIER BAG,259000,233100,10,14,3870000,406
2026,6,06/28,일,1,9100000009,레더 미니 숄더백,ATELIER BAG,329000,164500,50,28,4895000,336
2026,6,06/28,일,2,9100000024,무선 서큘레이터,AIRNEST,189000,141800,25,18,3083000,500
2026,6,06/28,일,3,9100000002,여성 울 블렌드 가디건,LUMEN,219000,164200,25,43,6239000,645
2026,6,06/28,일,4,9100000004,남성 테이퍼드 팬츠,NORDEN,159000,143100,10,20,3424000,340
2026,6,06/28,일,5,9100000025,프리미엄 견과 선물세트,DAILY PANTRY,69000,55200,20,77,4352000,539
2026,6,06/28,일,6,9100000016,퍼퓸 기프트 세트,SCENT ARCHIVE,198000,108900,45,56,5798000,560
2026,6,06/29,월,1,9100000002,여성 울 블렌드 가디건,LUMEN,219000,109500,50,73,6644000,468
2026,6,06/29,월,2,9100000008,골프 남성 기능성 팬츠,GREEN FAIRWAY,209000,156800,25,40,7523000,324
2026,6,06/29,월,3,9100000025,프리미엄 견과 선물세트,DAILY PANTRY,69000,55200,20,69,4110000,966
2026,6,06/29,월,4,9100000003,남성 클래식 셔츠,NORDEN,129000,96800,25,37,4182000,407
2026,6,06/29,월,5,9100000019,프리미엄 프라이팬 세트,HOME TABLE,179000,152200,15,26,4835000,338
2026,6,06/29,월,6,9100000001,여성 캐시미어 블렌드 니트,LUMEN,189000,104000,45,60,5504000,1080
2026,6,06/29,월,7,9100000024,무선 서큘레이터,AIRNEST,189000,104000,45,51,4488000,867
2026,6,06/29,월,8,9100000014,벨벳 립 틴트,GLOWMATE,32000,22400,30,193,4824000,1737
2026,6,06/30,화,1,9100000002,여성 울 블렌드 가디건,LUMEN,219000,120500,45,43,5922000,366
2026,6,06/30,화,2,9100000012,진정 세럼,PURELAB,59000,44200,25,149,6465000,894
2026,6,06/30,화,3,9100000014,벨벳 립 틴트,GLOWMATE,32000,25600,20,105,3006000,1260
2026,6,06/30,화,4,9100000023,미니 공기청정기,AIRNEST,299000,164400,45,36,7298000,648
2026,6,06/30,화,5,9100000020,세라믹 냄비 세트,HOME TABLE,249000,174300,30,28,5207000,504
2026,7,07/01,수,1,9100000016,퍼퓸 기프트 세트,SCENT ARCHIVE,198000,118800,40,61,7480000,438
2026,7,07/01,수,2,9100000001,여성 캐시미어 블렌드 니트,LUMEN,189000,132300,30,33,3904000,411
2026,7,07/01,수,3,9100000013,글로우 쿠션 파운데이션,GLOWMATE,52000,33800,35,263,7633000,4471
2026,7,07/01,수,4,9100000024,무선 서큘레이터,AIRNEST,189000,141800,25,33,5040000,594
2026,7,07/01,수,5,9100000015,오드퍼퓸 50ML,SCENT ARCHIVE,168000,100800,40,105,9530000,1680
2026,7,07/01,수,6,9100000002,여성 울 블렌드 가디건,LUMEN,219000,197100,10,32,6090000,512
2026,7,07/01,수,7,9100000008,골프 남성 기능성 팬츠,GREEN FAIRWAY,209000,146300,30,56,6926000,672
2026,7,07/01,수,8,9100000007,골프 여성 카라 티셔츠,GREEN FAIRWAY,179000,89500,50,52,3965000,624
2026,7,07/03,금,1,9100000009,레더 미니 숄더백,ATELIER BAG,329000,164500,50,35,5611000,415
2026,7,07/03,금,2,9100000026,시그니처 디저트 세트,DAILY PANTRY,59000,41300,30,126,4891000,2142
2026,7,07/03,금,3,9100000022,전기 토스터,MORNING BREW,119000,107100,10,35,3611000,350
2026,7,07/03,금,4,9100000003,남성 클래식 셔츠,NORDEN,129000,103200,20,26,3286000,338
2026,7,07/03,금,5,9100000008,골프 남성 기능성 팬츠,GREEN FAIRWAY,209000,188100,10,39,7432000,702
2026,7,07/04,토,1,9100000019,프리미엄 프라이팬 세트,HOME TABLE,179000,116400,35,67,8041000,603
2026,7,07/04,토,2,9100000003,남성 클래식 셔츠,NORDEN,129000,90300,30,34,3041000,422
2026,7,07/04,토,3,9100000009,레더 미니 숄더백,ATELIER BAG,329000,263200,20,17,4346000,219
2026,7,07/04,토,4,9100000020,세라믹 냄비 세트,HOME TABLE,249000,211600,15,25,6165000,325
2026,7,07/04,토,5,9100000018,너리싱 헤어 마스크,BOTANIC DAY,45000,29200,35,88,2374000,465
2026,7,07/07,화,1,9100000018,너리싱 헤어 마스크,BOTANIC DAY,45000,38200,15,75,3391000,450
2026,7,07/07,화,2,9100000023,미니 공기청정기,AIRNEST,299000,224200,25,20,4723000,448
2026,7,07/07,화,3,9100000002,여성 울 블렌드 가디건,LUMEN,219000,131400,40,31,4146000,279
2026,7,07/07,화,4,9100000020,세라믹 냄비 세트,HOME TABLE,249000,224100,10,23,4562000,308
2026,7,07/07,화,5,9100000008,골프 남성 기능성 팬츠,GREEN FAIRWAY,209000,135800,35,48,5497000,672
2026,7,07/07,화,6,9100000012,진정 세럼,PURELAB,59000,47200,20,106,5436000,742
2026,7,07/07,화,7,9100000004,남성 테이퍼드 팬츠,NORDEN,159000,143100,10,13,2040000,361
2026,7,07/13,월,1,9100000022,전기 토스터,MORNING BREW,119000,101200,15,69,5934000,552
2026,7,07/13,월,2,9100000024,무선 서큘레이터,AIRNEST,189000,94500,50,61,5507000,976
2026,7,07/13,월,3,9100000005,러닝 경량 자켓,MOTION LAB,149000,74500,50,83,5440000,1079
2026,7,07/13,월,4,9100000013,글로우 쿠션 파운데이션,GLOWMATE,52000,28600,45,197,5593000,1970
2026,7,07/13,월,5,9100000025,프리미엄 견과 선물세트,DAILY PANTRY,69000,51800,25,91,5126000,728
2026,7,07/14,화,1,9100000008,골프 남성 기능성 팬츠,GREEN FAIRWAY,209000,135800,35,35,4688000,285
2026,7,07/14,화,2,9100000015,오드퍼퓸 50ML,SCENT ARCHIVE,168000,92400,45,92,8700000,1012
2026,7,07/14,화,3,9100000011,수분 장벽 크림,PURELAB,68000,54400,20,149,9026000,1639
2026,7,07/14,화,4,9100000004,남성 테이퍼드 팬츠,NORDEN,159000,127200,20,32,3629000,320
2026,7,07/14,화,5,9100000026,시그니처 디저트 세트,DAILY PANTRY,59000,50200,15,50,2608000,394
2026,7,07/14,화,6,9100000025,프리미엄 견과 선물세트,DAILY PANTRY,69000,38000,45,138,4714000,966
2026,7,07/14,화,7,9100000014,벨벳 립 틴트,GLOWMATE,32000,28800,10,85,2535000,1445
2026,7,07/16,목,1,9100000005,러닝 경량 자켓,MOTION LAB,149000,119200,20,58,8055000,1044
2026,7,07/16,목,2,9100000002,여성 울 블렌드 가디건,LUMEN,219000,131400,40,62,8611000,682
2026,7,07/16,목,3,9100000014,벨벳 립 틴트,GLOWMATE,32000,16000,50,205,3582000,2050
2026,7,07/16,목,4,9100000001,여성 캐시미어 블렌드 니트,LUMEN,189000,160600,15,34,6583000,544
2026,7,07/16,목,5,9100000023,미니 공기청정기,AIRNEST,299000,164400,45,44,6929000,704
2026,7,07/17,금,1,9100000023,미니 공기청정기,AIRNEST,299000,269100,10,22,6381000,332
2026,7,07/17,금,2,9100000005,러닝 경량 자켓,MOTION LAB,149000,89400,40,52,5354000,832
2026,7,07/17,금,3,9100000024,무선 서큘레이터,AIRNEST,189000,132300,30,42,6691000,378
2026,7,07/17,금,4,9100000006,스포츠 트레이닝 팬츠,MOTION LAB,99000,64400,35,48,3070000,624
2026,7,07/17,금,5,9100000019,프리미엄 프라이팬 세트,HOME TABLE,179000,89500,50,68,6272000,680
2026,7,07/17,금,6,9100000017,퍼퓸 바디워시,BOTANIC DAY,39000,25400,35,187,4014000,935
2026,7,07/17,금,7,9100000003,남성 클래식 셔츠,NORDEN,129000,96800,25,28,2936000,392
2026,7,07/17,금,8,9100000025,프리미엄 견과 선물세트,DAILY PANTRY,69000,58600,15,55,3746000,495
2026,7,07/18,토,1,9100000006,스포츠 트레이닝 팬츠,MOTION LAB,99000,69300,30,46,3583000,828
2026,7,07/18,토,2,9100000010,데일리 토트백,ATELIER BAG,259000,207200,20,20,3546000,375
2026,7,07/18,토,3,9100000009,레더 미니 숄더백,ATELIER BAG,329000,246800,25,17,3779000,289
2026,7,07/18,토,4,9100000020,세라믹 냄비 세트,HOME TABLE,249000,186800,25,32,5102000,474
2026,7,07/18,토,5,9100000004,남성 테이퍼드 팬츠,NORDEN,159000,87400,45,47,3631000,423
2026,7,07/18,토,6,9100000008,골프 남성 기능성 팬츠,GREEN FAIRWAY,209000,177600,15,27,4895000,243
2026,7,07/22,수,1,9100000026,시그니처 디저트 세트,DAILY PANTRY,59000,29500,50,142,4270000,2272
2026,7,07/22,수,2,9100000003,남성 클래식 셔츠,NORDEN,129000,109600,15,30,3588000,321
2026,7,07/22,수,3,9100000024,무선 서큘레이터,AIRNEST,189000,160600,15,37,5342000,370
2026,7,07/22,수,4,9100000008,골프 남성 기능성 팬츠,GREEN FAIRWAY,209000,104500,50,69,6277000,424
2026,7,07/22,수,5,9100000025,프리미엄 견과 선물세트,DAILY PANTRY,69000,62100,10,58,3453000,1044
2026,7,07/22,수,6,9100000011,수분 장벽 크림,PURELAB,68000,51000,25,92,5474000,1656
2026,7,07/22,수,7,9100000006,스포츠 트레이닝 팬츠,MOTION LAB,99000,54500,45,50,3072000,364
2026,7,07/25,토,1,9100000016,퍼퓸 기프트 세트,SCENT ARCHIVE,198000,158400,20,44,6443000,616
2026,7,07/25,토,2,9100000018,너리싱 헤어 마스크,BOTANIC DAY,45000,33800,25,120,4069000,1800
2026,7,07/25,토,3,9100000020,세라믹 냄비 세트,HOME TABLE,249000,174300,30,54,8193000,810
2026,7,07/25,토,4,9100000007,골프 여성 카라 티셔츠,GREEN FAIRWAY,179000,98500,45,68,7041000,680
2026,7,07/25,토,5,9100000023,미니 공기청정기,AIRNEST,299000,164400,45,24,4525000,491
2026,7,07/26,일,1,9100000011,수분 장벽 크림,PURELAB,68000,57800,15,102,6151000,714
2026,7,07/26,일,2,9100000008,골프 남성 기능성 팬츠,GREEN FAIRWAY,209000,115000,45,74,7433000,1036
2026,7,07/26,일,3,9100000022,전기 토스터,MORNING BREW,119000,89200,25,31,3047000,500
2026,7,07/26,일,4,9100000014,벨벳 립 틴트,GLOWMATE,32000,19200,40,160,2769000,1440
2026,7,07/26,일,5,9100000004,남성 테이퍼드 팬츠,NORDEN,159000,103400,35,34,3154000,374
2026,7,07/26,일,6,9100000006,스포츠 트레이닝 팬츠,MOTION LAB,99000,69300,30,60,4618000,960
2026,7,07/26,일,7,9100000015,오드퍼퓸 50ML,SCENT ARCHIVE,168000,109200,35,56,7474000,672
2026,7,07/26,일,8,9100000026,시그니처 디저트 세트,DAILY PANTRY,59000,44200,25,74,3775000,592
2026,7,07/27,월,1,9100000005,러닝 경량 자켓,MOTION LAB,149000,96800,35,82,7177000,1066
2026,7,07/27,월,2,9100000020,세라믹 냄비 세트,HOME TABLE,249000,224100,10,23,5441000,184
2026,7,07/27,월,3,9100000018,너리싱 헤어 마스크,BOTANIC DAY,45000,22500,50,139,2883000,1251
2026,7,07/27,월,4,9100000001,여성 캐시미어 블렌드 니트,LUMEN,189000,122800,35,31,4337000,496
2026,7,07/27,월,5,9100000023,미니 공기청정기,AIRNEST,299000,269100,10,9,2867000,152
2026,7,07/27,월,6,9100000013,글로우 쿠션 파운데이션,GLOWMATE,52000,26000,50,157,4111000,1099
2026,7,07/27,월,7,9100000003,남성 클래식 셔츠,NORDEN,129000,90300,30,21,1826000,336
2026,7,07/28,화,1,9100000026,시그니처 디저트 세트,DAILY PANTRY,59000,41300,30,126,6263000,1638
2026,7,07/28,화,2,9100000013,글로우 쿠션 파운데이션,GLOWMATE,52000,31200,40,132,3758000,1716
2026,7,07/28,화,3,9100000021,드립 커피메이커,MORNING BREW,159000,127200,20,34,4136000,374
2026,7,07/28,화,4,9100000005,러닝 경량 자켓,MOTION LAB,149000,104300,30,57,6124000,912
2026,7,07/28,화,5,9100000024,무선 서큘레이터,AIRNEST,189000,132300,30,23,3475000,435
2026,7,07/29,수,1,9100000010,데일리 토트백,ATELIER BAG,259000,181300,30,42,7449000,336
2026,7,07/29,수,2,9100000014,벨벳 립 틴트,GLOWMATE,32000,28800,10,212,5588000,2120
2026,7,07/29,수,3,9100000003,남성 클래식 셔츠,NORDEN,129000,64500,50,56,3653000,784
2026,7,07/29,수,4,9100000008,골프 남성 기능성 팬츠,GREEN FAIRWAY,209000,125400,40,55,7107000,660
2026,7,07/29,수,5,9100000025,프리미엄 견과 선물세트,DAILY PANTRY,69000,58600,15,74,4620000,1258
2026,7,07/29,수,6,9100000018,너리싱 헤어 마스크,BOTANIC DAY,45000,38200,15,47,2082000,846
2026,7,07/29,수,7,9100000009,레더 미니 숄더백,ATELIER BAG,329000,246800,25,14,3484000,342
2026,7,07/29,수,8,9100000016,퍼퓸 기프트 세트,SCENT ARCHIVE,198000,99000,50,84,8133000,672
2026,7,07/31,금,1,9100000024,무선 서큘레이터,AIRNEST,189000,113400,40,55,6846000,486
2026,7,07/31,금,2,9100000011,수분 장벽 크림,PURELAB,68000,34000,50,289,9664000,2890
2026,7,07/31,금,3,9100000005,러닝 경량 자켓,MOTION LAB,149000,111800,25,49,5021000,637
2026,7,07/31,금,4,9100000002,여성 울 블렌드 가디건,LUMEN,219000,186200,15,39,7576000,292
2026,7,07/31,금,5,9100000025,프리미엄 견과 선물세트,DAILY PANTRY,69000,55200,20,91,5833000,1456
2026,7,07/31,금,6,9100000019,프리미엄 프라이팬 세트,HOME TABLE,179000,143200,20,32,3976000,192
2026,7,07/31,금,7,9100000020,세라믹 냄비 세트,HOME TABLE,249000,149400,40,42,5939000,546
2026,8,08/01,토,1,9100000013,글로우 쿠션 파운데이션,GLOWMATE,52000,33800,35,199,7100000,2985
2026,8,08/01,토,2,9100000001,여성 캐시미어 블렌드 니트,LUMEN,189000,151200,20,34,4780000,578
2026,8,08/01,토,3,9100000010,데일리 토트백,ATELIER BAG,259000,168400,35,29,5472000,348
2026,8,08/01,토,4,9100000004,남성 테이퍼드 팬츠,NORDEN,159000,103400,35,52,4972000,936
2026,8,08/01,토,5,9100000014,벨벳 립 틴트,GLOWMATE,32000,25600,20,184,4154000,920
2026,8,08/01,토,6,9100000024,무선 서큘레이터,AIRNEST,189000,113400,40,28,3235000,259
2026,8,08/01,토,7,9100000009,레더 미니 숄더백,ATELIER BAG,329000,246800,25,13,3956000,269
2026,8,08/01,토,8,9100000017,퍼퓸 바디워시,BOTANIC DAY,39000,33200,15,54,1829000,378
2026,8,08/02,일,1,9100000012,진정 세럼,PURELAB,59000,35400,40,203,7802000,2842
2026,8,08/02,일,2,9100000021,드립 커피메이커,MORNING BREW,159000,95400,40,84,7867000,1260
2026,8,08/02,일,3,9100000001,여성 캐시미어 블렌드 니트,LUMEN,189000,141800,25,21,3476000,336
2026,8,08/02,일,4,9100000007,골프 여성 카라 티셔츠,GREEN FAIRWAY,179000,125300,30,35,4245000,367
2026,8,08/02,일,5,9100000009,레더 미니 숄더백,ATELIER BAG,329000,197400,40,25,4423000,409
2026,8,08/02,일,6,9100000010,데일리 토트백,ATELIER BAG,259000,181300,30,35,5869000,490
2026,8,08/04,화,1,9100000026,시그니처 디저트 세트,DAILY PANTRY,59000,47200,20,74,3547000,370
2026,8,08/04,화,2,9100000008,골프 남성 기능성 팬츠,GREEN FAIRWAY,209000,177600,15,32,7030000,416
2026,8,08/04,화,3,9100000007,골프 여성 카라 티셔츠,GREEN FAIRWAY,179000,107400,40,55,6307000,715
2026,8,08/04,화,4,9100000003,남성 클래식 셔츠,NORDEN,129000,109600,15,20,2264000,340
2026,8,08/04,화,5,9100000020,세라믹 냄비 세트,HOME TABLE,249000,137000,45,41,4991000,410
2026,8,08/05,수,1,9100000006,스포츠 트레이닝 팬츠,MOTION LAB,99000,49500,50,90,4138000,810
2026,8,08/05,수,2,9100000021,드립 커피메이커,MORNING BREW,159000,135200,15,44,6049000,440
2026,8,08/05,수,3,9100000009,레더 미니 숄더백,ATELIER BAG,329000,296100,10,25,6573000,443
2026,8,08/05,수,4,9100000023,미니 공기청정기,AIRNEST,299000,194400,35,29,6428000,377
2026,8,08/05,수,5,9100000005,러닝 경량 자켓,MOTION LAB,149000,89400,40,60,4575000,300
2026,8,08/05,수,6,9100000014,벨벳 립 틴트,GLOWMATE,32000,17600,45,180,3606000,2520
2026,8,08/06,목,1,9100000009,레더 미니 숄더백,ATELIER BAG,329000,181000,45,41,6151000,656
2026,8,08/06,목,2,9100000017,퍼퓸 바디워시,BOTANIC DAY,39000,27300,30,178,4093000,3204
2026,8,08/06,목,3,9100000001,여성 캐시미어 블렌드 니트,LUMEN,189000,104000,45,77,7629000,924
2026,8,08/06,목,4,9100000020,세라믹 냄비 세트,HOME TABLE,249000,137000,45,57,7416000,741
2026,8,08/06,목,5,9100000026,시그니처 디저트 세트,DAILY PANTRY,59000,53100,10,72,3660000,1152
2026,8,08/06,목,6,9100000002,여성 울 블렌드 가디건,LUMEN,219000,175200,20,35,7099000,385
2026,8,08/06,목,7,9100000022,전기 토스터,MORNING BREW,119000,107100,10,40,3902000,400
2026,8,08/08,토,1,9100000021,드립 커피메이커,MORNING BREW,159000,127200,20,71,8687000,710
2026,8,08/08,토,2,9100000020,세라믹 냄비 세트,HOME TABLE,249000,224100,10,34,7850000,612
2026,8,08/08,토,3,9100000024,무선 서큘레이터,AIRNEST,189000,170100,10,19,2907000,247
2026,8,08/08,토,4,9100000001,여성 캐시미어 블렌드 니트,LUMEN,189000,132300,30,29,3893000,411
2026,8,08/08,토,5,9100000011,수분 장벽 크림,PURELAB,68000,51000,25,147,7798000,2205
2026,8,08/08,토,6,9100000022,전기 토스터,MORNING BREW,119000,107100,10,34,3573000,274
2026,8,08/09,일,1,9100000019,프리미엄 프라이팬 세트,HOME TABLE,179000,152200,15,26,3804000,492
2026,8,08/09,일,2,9100000015,오드퍼퓸 50ML,SCENT ARCHIVE,168000,134400,20,61,9277000,610
2026,8,08/09,일,3,9100000003,남성 클래식 셔츠,NORDEN,129000,109600,15,38,3558000,448
2026,8,08/09,일,4,9100000004,남성 테이퍼드 팬츠,NORDEN,159000,119200,25,36,3884000,324
2026,8,08/09,일,5,9100000006,스포츠 트레이닝 팬츠,MOTION LAB,99000,59400,40,60,4115000,420
2026,8,08/10,월,1,9100000007,골프 여성 카라 티셔츠,GREEN FAIRWAY,179000,98500,45,50,4957000,700
2026,8,08/10,월,2,9100000009,레더 미니 숄더백,ATELIER BAG,329000,213800,35,32,6751000,576
2026,8,08/10,월,3,9100000026,시그니처 디저트 세트,DAILY PANTRY,59000,47200,20,67,2799000,737
2026,8,08/10,월,4,9100000006,스포츠 트레이닝 팬츠,MOTION LAB,99000,49500,50,88,3629000,968
2026,8,08/10,월,5,9100000010,데일리 토트백,ATELIER BAG,259000,181300,30,21,3553000,382
2026,8,08/10,월,6,9100000025,프리미엄 견과 선물세트,DAILY PANTRY,69000,48300,30,70,3034000,630
2026,8,08/11,화,1,9100000004,남성 테이퍼드 팬츠,NORDEN,159000,87400,45,35,2957000,388
2026,8,08/11,화,2,9100000017,퍼퓸 바디워시,BOTANIC DAY,39000,23400,40,185,3725000,1850
2026,8,08/11,화,3,9100000022,전기 토스터,MORNING BREW,119000,101200,15,53,4676000,265
2026,8,08/11,화,4,9100000021,드립 커피메이커,MORNING BREW,159000,95400,40,55,5613000,330
2026,8,08/11,화,5,9100000006,스포츠 트레이닝 팬츠,MOTION LAB,99000,64400,35,50,3262000,485
2026,8,08/12,수,1,9100000019,프리미엄 프라이팬 세트,HOME TABLE,179000,116400,35,55,6411000,605
2026,8,08/12,수,2,9100000026,시그니처 디저트 세트,DAILY PANTRY,59000,53100,10,125,5786000,2125
2026,8,08/12,수,3,9100000023,미니 공기청정기,AIRNEST,299000,254200,15,21,4754000,305
2026,8,08/12,수,4,9100000014,벨벳 립 틴트,GLOWMATE,32000,28800,10,89,2946000,801
2026,8,08/12,수,5,9100000013,글로우 쿠션 파운데이션,GLOWMATE,52000,26000,50,181,3948000,3077
2026,8,08/12,수,6,9100000016,퍼퓸 기프트 세트,SCENT ARCHIVE,198000,158400,20,60,8518000,300
2026,8,08/12,수,7,9100000008,골프 남성 기능성 팬츠,GREEN FAIRWAY,209000,146300,30,39,6672000,390
2026,8,08/12,수,8,9100000009,레더 미니 숄더백,ATELIER BAG,329000,197400,40,15,3787000,202
2026,8,08/14,금,1,9100000006,스포츠 트레이닝 팬츠,MOTION LAB,99000,74200,25,50,3660000,850
2026,8,08/14,금,2,9100000008,골프 남성 기능성 팬츠,GREEN FAIRWAY,209000,188100,10,31,6191000,381
2026,8,08/14,금,3,9100000007,골프 여성 카라 티셔츠,GREEN FAIRWAY,179000,107400,40,80,7361000,1200
2026,8,08/14,금,4,9100000014,벨벳 립 틴트,GLOWMATE,32000,17600,45,335,5337000,2010
2026,8,08/14,금,5,9100000003,남성 클래식 셔츠,NORDEN,129000,103200,20,33,2869000,495
2026,8,08/15,토,1,9100000022,전기 토스터,MORNING BREW,119000,77400,35,81,5706000,1134
2026,8,08/15,토,2,9100000024,무선 서큘레이터,AIRNEST,189000,141800,25,37,5963000,296
2026,8,08/15,토,3,9100000014,벨벳 립 틴트,GLOWMATE,32000,20800,35,225,4146000,3150
2026,8,08/15,토,4,9100000020,세라믹 냄비 세트,HOME TABLE,249000,149400,40,57,7992000,399
2026,8,08/15,토,5,9100000013,글로우 쿠션 파운데이션,GLOWMATE,52000,39000,25,84,3576000,504
2026,8,08/15,토,6,9100000018,너리싱 헤어 마스크,BOTANIC DAY,45000,27000,40,131,3652000,1179
2026,8,08/15,토,7,9100000003,남성 클래식 셔츠,NORDEN,129000,77400,40,43,3340000,387
2026,8,08/16,일,1,9100000022,전기 토스터,MORNING BREW,119000,107100,10,28,3505000,364
2026,8,08/16,일,2,9100000017,퍼퓸 바디워시,BOTANIC DAY,39000,21400,45,107,2162000,1605
2026,8,08/16,일,3,9100000004,남성 테이퍼드 팬츠,NORDEN,159000,95400,40,41,4211000,479
2026,8,08/16,일,4,9100000015,오드퍼퓸 50ML,SCENT ARCHIVE,168000,142800,15,56,7090000,672
2026,8,08/16,일,5,9100000003,남성 클래식 셔츠,NORDEN,129000,83800,35,46,3564000,828
2026,8,08/16,일,6,9100000012,진정 세럼,PURELAB,59000,38400,35,102,4515000,1122
2026,8,08/16,일,7,9100000024,무선 서큘레이터,AIRNEST,189000,113400,40,34,4651000,272
2026,8,08/16,일,8,9100000013,글로우 쿠션 파운데이션,GLOWMATE,52000,36400,30,114,3674000,1824
2026,8,08/17,월,1,9100000010,데일리 토트백,ATELIER BAG,259000,181300,30,30,5014000,510
2026,8,08/17,월,2,9100000002,여성 울 블렌드 가디건,LUMEN,219000,109500,50,39,4661000,429
2026,8,08/17,월,3,9100000004,남성 테이퍼드 팬츠,NORDEN,159000,87400,45,37,3040000,518
2026,8,08/17,월,4,9100000016,퍼퓸 기프트 세트,SCENT ARCHIVE,198000,128700,35,72,9204000,792
2026,8,08/17,월,5,9100000015,오드퍼퓸 50ML,SCENT ARCHIVE,168000,134400,20,30,4772000,480
2026,8,08/17,월,6,9100000012,진정 세럼,PURELAB,59000,32500,45,157,5622000,1884
2026,8,08/17,월,7,9100000025,프리미엄 견과 선물세트,DAILY PANTRY,69000,51800,25,113,5037000,1808
2026,8,08/17,월,8,9100000021,드립 커피메이커,MORNING BREW,159000,87400,45,35,3279000,175
2026,8,08/18,화,1,9100000013,글로우 쿠션 파운데이션,GLOWMATE,52000,36400,30,129,5800000,2064
2026,8,08/18,화,2,9100000017,퍼퓸 바디워시,BOTANIC DAY,39000,33200,15,109,3722000,654
2026,8,08/18,화,3,9100000024,무선 서큘레이터,AIRNEST,189000,132300,30,48,6011000,624
2026,8,08/18,화,4,9100000003,남성 클래식 셔츠,NORDEN,129000,116100,10,21,2522000,357
2026,8,08/18,화,5,9100000011,수분 장벽 크림,PURELAB,68000,47600,30,186,7970000,1674
2026,8,08/19,수,1,9100000006,스포츠 트레이닝 팬츠,MOTION LAB,99000,59400,40,78,5071000,936
2026,8,08/19,수,2,9100000022,전기 토스터,MORNING BREW,119000,77400,35,44,3842000,704
2026,8,08/19,수,3,9100000010,데일리 토트백,ATELIER BAG,259000,194200,25,16,3480000,411
2026,8,08/19,수,4,9100000009,레더 미니 숄더백,ATELIER BAG,329000,181000,45,35,5950000,377
2026,8,08/19,수,5,9100000001,여성 캐시미어 블렌드 니트,LUMEN,189000,113400,40,45,4950000,450
2026,8,08/19,수,6,9100000014,벨벳 립 틴트,GLOWMATE,32000,20800,35,172,3664000,2064
2026,8,08/19,수,7,9100000007,골프 여성 카라 티셔츠,GREEN FAIRWAY,179000,98500,45,45,4113000,675
2026,8,08/19,수,8,9100000025,프리미엄 견과 선물세트,DAILY PANTRY,69000,48300,30,91,4114000,1274
2026,8,08/20,목,1,9100000003,남성 클래식 셔츠,NORDEN,129000,83800,35,45,3796000,419
2026,8,08/20,목,2,9100000007,골프 여성 카라 티셔츠,GREEN FAIRWAY,179000,143200,20,49,6770000,539
2026,8,08/20,목,3,9100000024,무선 서큘레이터,AIRNEST,189000,170100,10,27,5009000,432
2026,8,08/20,목,4,9100000017,퍼퓸 바디워시,BOTANIC DAY,39000,29200,25,105,3012000,1155
2026,8,08/20,목,5,9100000012,진정 세럼,PURELAB,59000,50200,15,79,4472000,474
2026,8,08/20,목,6,9100000010,데일리 토트백,ATELIER BAG,259000,181300,30,18,3821000,476
2026,8,08/20,목,7,9100000021,드립 커피메이커,MORNING BREW,159000,95400,40,57,5821000,456
2026,8,08/22,토,1,9100000021,드립 커피메이커,MORNING BREW,159000,79500,50,81,6736000,1458
2026,8,08/22,토,2,9100000004,남성 테이퍼드 팬츠,NORDEN,159000,87400,45,50,4739000,600
2026,8,08/22,토,3,9100000022,전기 토스터,MORNING BREW,119000,95200,20,39,4625000,702
2026,8,08/22,토,4,9100000024,무선 서큘레이터,AIRNEST,189000,104000,45,51,4968000,306
2026,8,08/22,토,5,9100000026,시그니처 디저트 세트,DAILY PANTRY,59000,35400,40,160,5862000,2400
2026,8,08/22,토,6,9100000023,미니 공기청정기,AIRNEST,299000,224200,25,17,3718000,406
2026,8,08/22,토,7,9100000011,수분 장벽 크림,PURELAB,68000,40800,40,199,8725000,1592
2026,8,08/23,일,1,9100000022,전기 토스터,MORNING BREW,119000,59500,50,116,6063000,812
2026,8,08/23,일,2,9100000003,남성 클래식 셔츠,NORDEN,129000,83800,35,41,3865000,492
2026,8,08/23,일,3,9100000012,진정 세럼,PURELAB,59000,44200,25,119,5732000,595
2026,8,08/23,일,4,9100000001,여성 캐시미어 블렌드 니트,LUMEN,189000,104000,45,49,4746000,588
2026,8,08/23,일,5,9100000020,세라믹 냄비 세트,HOME TABLE,249000,199200,20,35,7041000,409
2026,8,08/23,일,6,9100000021,드립 커피메이커,MORNING BREW,159000,103400,35,76,6750000,608
2026,8,08/23,일,7,9100000013,글로우 쿠션 파운데이션,GLOWMATE,52000,44200,15,50,2726000,750
2026,8,08/23,일,8,9100000018,너리싱 헤어 마스크,BOTANIC DAY,45000,22500,50,185,3632000,1110
2026,8,08/24,월,1,9100000023,미니 공기청정기,AIRNEST,299000,269100,10,20,4810000,249
2026,8,08/24,월,2,9100000018,너리싱 헤어 마스크,BOTANIC DAY,45000,27000,40,170,4202000,850
2026,8,08/24,월,3,9100000004,남성 테이퍼드 팬츠,NORDEN,159000,95400,40,42,3991000,630
2026,8,08/24,월,4,9100000026,시그니처 디저트 세트,DAILY PANTRY,59000,35400,40,117,4926000,2106
2026,8,08/24,월,5,9100000020,세라믹 냄비 세트,HOME TABLE,249000,211600,15,25,5529000,375
2026,8,08/24,월,6,9100000021,드립 커피메이커,MORNING BREW,159000,127200,20,56,6394000,448
2026,8,08/24,월,7,9100000025,프리미엄 견과 선물세트,DAILY PANTRY,69000,58600,15,58,3171000,696
2026,8,08/25,화,1,9100000025,프리미엄 견과 선물세트,DAILY PANTRY,69000,38000,45,162,6003000,2268
2026,8,08/25,화,2,9100000009,레더 미니 숄더백,ATELIER BAG,329000,263200,20,15,4214000,289
2026,8,08/25,화,3,9100000011,수분 장벽 크림,PURELAB,68000,44200,35,176,8451000,2816
2026,8,08/25,화,4,9100000010,데일리 토트백,ATELIER BAG,259000,181300,30,26,4765000,234
2026,8,08/25,화,5,9100000015,오드퍼퓸 50ML,SCENT ARCHIVE,168000,134400,20,36,5282000,396
2026,8,08/25,화,6,9100000024,무선 서큘레이터,AIRNEST,189000,141800,25,16,2534000,175
2026,8,08/26,수,1,9100000012,진정 세럼,PURELAB,59000,47200,20,229,10225000,3206
2026,8,08/26,수,2,9100000024,무선 서큘레이터,AIRNEST,189000,122800,35,38,4949000,456
2026,8,08/26,수,3,9100000017,퍼퓸 바디워시,BOTANIC DAY,39000,31200,20,132,4159000,1584
2026,8,08/26,수,4,9100000025,프리미엄 견과 선물세트,DAILY PANTRY,69000,62100,10,65,4888000,520
2026,8,08/26,수,5,9100000013,글로우 쿠션 파운데이션,GLOWMATE,52000,39000,25,97,4157000,1649
2026,8,08/26,수,6,9100000016,퍼퓸 기프트 세트,SCENT ARCHIVE,198000,168300,15,44,7803000,528
2026,8,08/26,수,7,9100000020,세라믹 냄비 세트,HOME TABLE,249000,224100,10,31,6094000,527
2026,8,08/29,토,1,9100000013,글로우 쿠션 파운데이션,GLOWMATE,52000,44200,15,129,4823000,2322
2026,8,08/29,토,2,9100000021,드립 커피메이커,MORNING BREW,159000,79500,50,117,7858000,585
2026,8,08/29,토,3,9100000004,남성 테이퍼드 팬츠,NORDEN,159000,79500,50,34,3011000,544
2026,8,08/29,토,4,9100000011,수분 장벽 크림,PURELAB,68000,51000,25,124,5806000,868
2026,8,08/29,토,5,9100000017,퍼퓸 바디워시,BOTANIC DAY,39000,27300,30,104,3409000,832
2026,8,08/31,월,1,9100000017,퍼퓸 바디워시,BOTANIC DAY,39000,21400,45,157,3307000,2669
2026,8,08/31,월,2,9100000010,데일리 토트백,ATELIER BAG,259000,168400,35,30,6034000,360
2026,8,08/31,월,3,9100000002,여성 울 블렌드 가디건,LUMEN,219000,120500,45,29,4025000,401
2026,8,08/31,월,4,9100000007,골프 여성 카라 티셔츠,GREEN FAIRWAY,179000,134200,25,37,5423000,397
2026,8,08/31,월,5,9100000008,골프 남성 기능성 팬츠,GREEN FAIRWAY,209000,125400,40,44,6561000,528
2026,8,08/31,월,6,9100000022,전기 토스터,MORNING BREW,119000,89200,25,50,4238000,850
2026,9,09/02,수,1,9100000020,세라믹 냄비 세트,HOME TABLE,249000,124500,50,47,5538000,423
2026,9,09/02,수,2,9100000009,레더 미니 숄더백,ATELIER BAG,329000,246800,25,23,5223000,299
2026,9,09/02,수,3,9100000016,퍼퓸 기프트 세트,SCENT ARCHIVE,198000,108900,45,65,6387000,455
2026,9,09/02,수,4,9100000021,드립 커피메이커,MORNING BREW,159000,143100,10,39,4709000,468
2026,9,09/02,수,5,9100000006,스포츠 트레이닝 팬츠,MOTION LAB,99000,79200,20,41,2908000,615
2026,9,09/02,수,6,9100000011,수분 장벽 크림,PURELAB,68000,57800,15,133,7852000,1995
2026,9,09/02,수,7,9100000017,퍼퓸 바디워시,BOTANIC DAY,39000,19500,50,154,3412000,924
2026,9,09/02,수,8,9100000024,무선 서큘레이터,AIRNEST,189000,141800,25,21,3012000,492
2026,9,09/03,목,1,9100000022,전기 토스터,MORNING BREW,119000,95200,20,45,4861000,495
2026,9,09/03,목,2,9100000010,데일리 토트백,ATELIER BAG,259000,207200,20,24,5817000,342
2026,9,09/03,목,3,9100000020,세라믹 냄비 세트,HOME TABLE,249000,149400,40,48,7844000,432
2026,9,09/03,목,4,9100000007,골프 여성 카라 티셔츠,GREEN FAIRWAY,179000,125300,30,41,5553000,656
2026,9,09/03,목,5,9100000019,프리미엄 프라이팬 세트,HOME TABLE,179000,116400,35,42,5070000,490
2026,9,09/04,금,1,9100000002,여성 울 블렌드 가디건,LUMEN,219000,164200,25,38,5734000,342
2026,9,09/04,금,2,9100000014,벨벳 립 틴트,GLOWMATE,32000,28800,10,153,3954000,1530
2026,9,09/04,금,3,9100000012,진정 세럼,PURELAB,59000,29500,50,328,8658000,4592
2026,9,09/04,금,4,9100000021,드립 커피메이커,MORNING BREW,159000,87400,45,79,8155000,632
2026,9,09/04,금,5,9100000005,러닝 경량 자켓,MOTION LAB,149000,96800,35,79,6481000,1106
2026,9,09/04,금,6,9100000015,오드퍼퓸 50ML,SCENT ARCHIVE,168000,151200,10,54,8597000,864
2026,9,09/04,금,7,9100000009,레더 미니 숄더백,ATELIER BAG,329000,246800,25,19,4522000,209
2026,9,09/04,금,8,9100000001,여성 캐시미어 블렌드 니트,LUMEN,189000,160600,15,18,3114000,289
2026,9,09/05,토,1,9100000004,남성 테이퍼드 팬츠,NORDEN,159000,127200,20,35,4377000,455
2026,9,09/05,토,2,9100000016,퍼퓸 기프트 세트,SCENT ARCHIVE,198000,108900,45,72,7626000,1224
2026,9,09/05,토,3,9100000005,러닝 경량 자켓,MOTION LAB,149000,104300,30,64,5911000,1024
2026,9,09/05,토,4,9100000003,남성 클래식 셔츠,NORDEN,129000,103200,20,31,3818000,527
2026,9,09/05,토,5,9100000011,수분 장벽 크림,PURELAB,68000,44200,35,205,9612000,3485
2026,9,09/05,토,6,9100000014,벨벳 립 틴트,GLOWMATE,32000,24000,25,127,3084000,1524
2026,9,09/05,토,7,9100000024,무선 서큘레이터,AIRNEST,189000,122800,35,32,3277000,288
2026,9,09/06,일,1,9100000005,러닝 경량 자켓,MOTION LAB,149000,82000,45,92,6690000,460
2026,9,09/06,일,2,9100000004,남성 테이퍼드 팬츠,NORDEN,159000,103400,35,24,2496000,358
2026,9,09/06,일,3,9100000021,드립 커피메이커,MORNING BREW,159000,103400,35,69,7189000,966
2026,9,09/06,일,4,9100000014,벨벳 립 틴트,GLOWMATE,32000,27200,15,158,4180000,2054
2026,9,09/06,일,5,9100000013,글로우 쿠션 파운데이션,GLOWMATE,52000,44200,15,115,4534000,2070
2026,9,09/07,월,1,9100000020,세라믹 냄비 세트,HOME TABLE,249000,137000,45,70,8025000,490
2026,9,09/07,월,2,9100000021,드립 커피메이커,MORNING BREW,159000,103400,35,44,4257000,440
2026,9,09/07,월,3,9100000007,골프 여성 카라 티셔츠,GREEN FAIRWAY,179000,89500,50,75,6130000,825
2026,9,09/07,월,4,9100000003,남성 클래식 셔츠,NORDEN,129000,77400,40,32,3108000,576
2026,9,09/07,월,5,9100000022,전기 토스터,MORNING BREW,119000,107100,10,22,2494000,232
2026,9,09/07,월,6,9100000014,벨벳 립 틴트,GLOWMATE,32000,24000,25,173,3754000,2249
2026,9,09/07,월,7,9100000009,레더 미니 숄더백,ATELIER BAG,329000,246800,25,22,5333000,466
2026,9,09/07,월,8,9100000015,오드퍼퓸 50ML,SCENT ARCHIVE,168000,134400,20,31,4836000,279
2026,9,09/08,화,1,9100000025,프리미엄 견과 선물세트,DAILY PANTRY,69000,44800,35,178,6817000,2670
2026,9,09/08,화,2,9100000005,러닝 경량 자켓,MOTION LAB,149000,111800,25,39,4490000,351
2026,9,09/08,화,3,9100000018,너리싱 헤어 마스크,BOTANIC DAY,45000,33800,25,95,3974000,1140
2026,9,09/08,화,4,9100000012,진정 세럼,PURELAB,59000,35400,40,143,4416000,2574
2026,9,09/08,화,5,9100000003,남성 클래식 셔츠,NORDEN,129000,96800,25,27,2635000,297
2026,9,09/09,수,1,9100000019,프리미엄 프라이팬 세트,HOME TABLE,179000,143200,20,40,6682000,480
2026,9,09/09,수,2,9100000004,남성 테이퍼드 팬츠,NORDEN,159000,103400,35,43,4757000,344
2026,9,09/09,수,3,9100000003,남성 클래식 셔츠,NORDEN,129000,109600,15,31,3654000,360
2026,9,09/09,수,4,9100000006,스포츠 트레이닝 팬츠,MOTION LAB,99000,84200,15,45,4731000,495
2026,9,09/09,수,5,9100000017,퍼퓸 바디워시,BOTANIC DAY,39000,23400,40,149,4154000,1490
2026,9,09/09,수,6,9100000026,시그니처 디저트 세트,DAILY PANTRY,59000,50200,15,81,3585000,729
2026,9,09/09,수,7,9100000022,전기 토스터,MORNING BREW,119000,101200,15,48,4323000,576
2026,9,09/09,수,8,9100000025,프리미엄 견과 선물세트,DAILY PANTRY,69000,48300,30,123,5124000,615
2026,9,09/11,금,1,9100000008,골프 남성 기능성 팬츠,GREEN FAIRWAY,209000,135800,35,,,
2026,9,09/11,금,2,9100000006,스포츠 트레이닝 팬츠,MOTION LAB,99000,79200,20,,,
2026,9,09/11,금,3,9100000019,프리미엄 프라이팬 세트,HOME TABLE,179000,143200,20,,,
2026,9,09/11,금,4,9100000001,여성 캐시미어 블렌드 니트,LUMEN,189000,113400,40,,,
2026,9,09/11,금,5,9100000005,러닝 경량 자켓,MOTION LAB,149000,104300,30,,,
2026,9,09/12,토,1,9100000025,프리미엄 견과 선물세트,DAILY PANTRY,69000,41400,40,,,
2026,9,09/12,토,2,9100000002,여성 울 블렌드 가디건,LUMEN,219000,131400,40,,,
2026,9,09/12,토,3,9100000020,세라믹 냄비 세트,HOME TABLE,249000,186800,25,,,
2026,9,09/12,토,4,9100000026,시그니처 디저트 세트,DAILY PANTRY,59000,44200,25,,,
2026,9,09/12,토,5,9100000007,골프 여성 카라 티셔츠,GREEN FAIRWAY,179000,116400,35,,,
2026,9,09/13,일,1,9100000014,벨벳 립 틴트,GLOWMATE,32000,19200,40,,,
2026,9,09/13,일,2,9100000006,스포츠 트레이닝 팬츠,MOTION LAB,99000,79200,20,,,
2026,9,09/13,일,3,9100000017,퍼퓸 바디워시,BOTANIC DAY,39000,29200,25,,,
2026,9,09/13,일,4,9100000005,러닝 경량 자켓,MOTION LAB,149000,126600,15,,,
2026,9,09/13,일,5,9100000024,무선 서큘레이터,AIRNEST,189000,151200,20,,,
2026,9,09/14,월,1,9100000001,여성 캐시미어 블렌드 니트,LUMEN,189000,113400,40,,,
2026,9,09/14,월,2,9100000016,퍼퓸 기프트 세트,SCENT ARCHIVE,198000,148500,25,,,
2026,9,09/14,월,3,9100000007,골프 여성 카라 티셔츠,GREEN FAIRWAY,179000,134200,25,,,
2026,9,09/14,월,4,9100000010,데일리 토트백,ATELIER BAG,259000,168400,35,,,
2026,9,09/14,월,5,9100000013,글로우 쿠션 파운데이션,GLOWMATE,52000,39000,25,,,
2026,9,09/15,화,1,9100000001,여성 캐시미어 블렌드 니트,LUMEN,189000,113400,40,,,
2026,9,09/15,화,2,9100000026,시그니처 디저트 세트,DAILY PANTRY,59000,47200,20,,,
2026,9,09/15,화,3,9100000011,수분 장벽 크림,PURELAB,68000,47600,30,,,
2026,9,09/15,화,4,9100000016,퍼퓸 기프트 세트,SCENT ARCHIVE,198000,168300,15,,,
2026,9,09/15,화,5,9100000002,여성 울 블렌드 가디건,LUMEN,219000,142400,35,,,
2026,9,09/16,수,1,9100000013,글로우 쿠션 파운데이션,GLOWMATE,52000,41600,20,,,
2026,9,09/16,수,2,9100000025,프리미엄 견과 선물세트,DAILY PANTRY,69000,55200,20,,,
2026,9,09/16,수,3,9100000020,세라믹 냄비 세트,HOME TABLE,249000,211600,15,,,
2026,9,09/16,수,4,9100000024,무선 서큘레이터,AIRNEST,189000,160600,15,,,
2026,9,09/16,수,5,9100000017,퍼퓸 바디워시,BOTANIC DAY,39000,29200,25,,,
2026,9,09/17,목,1,9100000008,골프 남성 기능성 팬츠,GREEN FAIRWAY,209000,146300,30,,,
2026,9,09/17,목,2,9100000003,남성 클래식 셔츠,NORDEN,129000,90300,30,,,
2026,9,09/17,목,3,9100000014,벨벳 립 틴트,GLOWMATE,32000,20800,35,,,
2026,9,09/17,목,4,9100000004,남성 테이퍼드 팬츠,NORDEN,159000,111300,30,,,
2026,9,09/17,목,5,9100000016,퍼퓸 기프트 세트,SCENT ARCHIVE,198000,158400,20,,,
